12,5803,582,0,38,16,582,2,1963,1,1,1,8,2,1,42,39,4,1,24,2,1,2,NaN,1,1,NaN,3,4,NaN,NaN,NaN,NaN,NaN,NaN,NaN,NaN,NaN,NaN,7,6,4,6,3,7,NaN,11,11,3,6,5,4,5,4,5,2,4,5,5,6,4,6,6,5,2,4,1,4,2,2,2,NaN,1,1,NaN,3,7,4,50,0,0,30,10,30,0,0,100,0,NaN,NaN,NaN,NaN,NaN
58,18701,1872,4,40,NaN,1872,2,1964,1,1,1,7,2,1,41,30,4,2,5,2,1,2,NaN,4,4,NaN,3,4,NaN,NaN,NaN,NaN,1,2,2,2,2,2,5,5,3,2,6,NaN,1,11,11,4,7,7,5,6,6,7,1,7,7,4,7,5,7,7,7,2,1,2,8,2,2,2,NaN,3,3,NaN,3,NaN,4,0,0,0,0,0,0,0,0,0,0,NaN,NaN,NaN,NaN,NaN
64,18804,1880,2,55,51,1880,2,1977,1,1,1,5,2,1,28,22.5,1,2,2,2,1,2,NaN,1,1,10,3,3,NaN,NaN,NaN,NaN,2,NaN,NaN,NaN,NaN,NaN,7,7,3,5,5,2,NaN,11,11,3,7,6,3,5,2,6,1,5,3,3,7,4,7,4,5,2,1,1,6,2,2,2,NaN,4,5,NaN,3,NaN,3,10,10,0,0,0,0,0,0,10,10,NaN,NaN,NaN,NaN,NaN
86,24204,2429,2,54,25,2429,2,1970,1,1,1,1,2,1,35,30,1,2,4,2,1,2,NaN,1,1,NaN,3,2,NaN,NaN,NaN,NaN,2,NaN,NaN,NaN,NaN,NaN,7,7,4,5,4,8,NaN,11,11,3,5,7,4,6,4,6,3,6,5,4,5,4,5,6,5,2,1,2,1,2,3,2,2,1,1,NaN,3,NaN,NaN,0,0,0,0,0,0,0,0,0,100,NaN,NaN,NaN,NaN,NaN
94,27803,2780,0,34,NaN,2780,2,1977,1,1,1,7,2,1,28,38,3,1,25,2,1,2,NaN,1,1,NaN,3,4,NaN,NaN,NaN,NaN,2,NaN,NaN,NaN,NaN,NaN,7,5,2,1,7,7,NaN,11,11,4,6,4,1,5,7,4,3,4,1,6,5,4,5,4,2,2,3,1,10,2,2,2,NaN,1,1,NaN,3,NaN,4,20,20,10,50,0,0,0,0,100,20,NaN,NaN,NaN,NaN,NaN
135,44703,4472,2,54,39,4472,2,1969,1,1,1,5,2,1,36,26,1,2,10,2,1,2,NaN,1,1,NaN,3,4,NaN,NaN,NaN,NaN,2,NaN,NaN,NaN,NaN,NaN,6,6,2,2,4,8,NaN,6,11,4,6,7,2,4,3,5,2,5,3,2,6,3,5,3,2,2,1,9,NaN,1,NaN,NaN,NaN,NaN,NaN,3,3,NaN,NaN,NaN,NaN,NaN,NaN,NaN,NaN,NaN,NaN,NaN,NaN,2,3,2,2,2
161,52902,5290,1,NaN,NaN,5290,2,1970,1,1,1,11,1,1,35,26,1,2,23,2,1,2,NaN,1,1,NaN,3,4,NaN,NaN,NaN,NaN,2,NaN,NaN,NaN,NaN,NaN,7,5,1,3,4,7,NaN,11,11,3,6,4,3,3,5,6,4,3,2,3,4,6,6,4,4,2,1,2,23,2,2,2,NaN,1,1,NaN,3,NaN,4,30,20,0,10,10,10,0,10,90,20,NaN,NaN,NaN,NaN,NaN
168,55903,5592,0,39,NaN,5592,2,1966,1,1,1,3,2,1,39,42,1,1,20,2,1,2,NaN,1,1,NaN,3,4,NaN,NaN,NaN,NaN,1,2,2,2,2,2,7,6,3,4,4,7,NaN,11,11,6,7,6,3,4,6,5,1,5,2,1,7,4,6,6,5,2,1,1,20,2,2,2,NaN,1,1,NaN,3,NaN,4,20,0,0,0,0,0,0,0,70,70,NaN,NaN,NaN,NaN,NaN
221,70304,7030,2,71,NaN,7030,2,1963,1,1,1,6,2,1,42,19,1,2,21,2,1,2,NaN,5,1,NaN,3,4,NaN,NaN,NaN,NaN,2,NaN,NaN,NaN,NaN,NaN,6,7,4,5,3,8,NaN,4,11,6,6,7,5,4,1,2,4,5,7,4,5,4,5,7,3,2,1,9,NaN,2,NaN,NaN,NaN,NaN,NaN,NaN,2,NaN,NaN,NaN,NaN,NaN,NaN,NaN,NaN,NaN,NaN,NaN,NaN,2,4,2,2,2
261,78904,7897,2,56,51,7897,2,1977,1,1,1,2,2,1,28,28,1,2,85,2,1,2,NaN,1,1,NaN,3,4,NaN,NaN,NaN,NaN,2,NaN,NaN,NaN,NaN,NaN,6,7,5,6,3,9,NaN,11,11,3,6,7,6,6,6,4,3,6,3,4,6,1,4,4,3,2,3,1,75,2,2,2,NaN,1,1,NaN,3,NaN,4,20,10,0,0,0,0,0,70,20,50,NaN,NaN,NaN,NaN,NaN
330,93803,9385,1,23,NaN,9385,2,1970,1,1,1,8,2,1,35,32,4,2,16,2,1,2,NaN,2,5,NaN,3,3,NaN,NaN,NaN,NaN,2,NaN,NaN,NaN,NaN,NaN,7,4,2,3,4,9,NaN,11,11,3,7,5,2,3,6,6,1,5,4,4,6,4,6,4,5,2,2,2,15,2,2,2,NaN,NaN,5,NaN,3,NaN,3,20,0,0,0,0,0,0,20,30,10,NaN,NaN,NaN,NaN,NaN
331,93804,9385,2,23,NaN,9385,2,1972,1,1,1,9,2,1,33,37.5,1,1,7,2,1,2,NaN,5,5,NaN,3,3,NaN,NaN,NaN,NaN,2,NaN,NaN,NaN,NaN,NaN,6,6,4,2,5,6,NaN,8,11,5,6,5,4,2,7,5,2,2,2,4,4,5,5,3,2,2,1,9,NaN,1,NaN,NaN,NaN,NaN,NaN,2,3,NaN,NaN,NaN,NaN,NaN,NaN,NaN,NaN,NaN,NaN,NaN,NaN,2,3,1,2,1
356,101205,10120,0,69,NaN,10120,2,1964,1,1,1,6,2,1,41,48,4,1,43,2,1,2,NaN,3,3,NaN,3,NaN,NaN,NaN,NaN,NaN,2,NaN,NaN,NaN,NaN,NaN,6,7,4,7,2,NaN,1,11,11,6,7,7,5,5,3,7,1,7,3,3,5,1,5,6,4,2,4,1,25,2,3,2,NaN,3,3,NaN,3,NaN,NaN,0,80,0,0,0,20,0,0,70,0,NaN,NaN,NaN,NaN,NaN
371,108003,10804,0,39,NaN,10804,2,1971,1,1,1,3,2,1,34,39,3,1,7,2,1,2,NaN,1,1,NaN,3,4,NaN,NaN,NaN,NaN,2,NaN,NaN,NaN,NaN,NaN,6,7,2,5,5,NaN,1,11,11,4,5,6,1,4,5,6,1,6,5,5,6,2,6,5,4,2,3,1,10,2,2,2,NaN,NaN,1,NaN,3,NaN,4,0,20,0,0,0,0,0,0,10,30,NaN,NaN,NaN,NaN,NaN
438,125904,12599,2,68,51,12599,2,1976,1,1,1,2,2,1,29,40,4,1,NaN,2,NaN,NaN,NaN,5,1,NaN,3,NaN,NaN,NaN,NaN,NaN,1,2,3,3,3,1,7,7,2,5,2,NaN,1,11,11,3,6,7,1,6,5,6,3,6,7,2,5,1,7,7,4,2,1,1,NaN,2,3,2,NaN,3,1,NaN,3,NaN,NaN,0,100,NaN,0,0,0,0,50,100,0,NaN,NaN,NaN,NaN,NaN
446,127203,12726,1,34,53,12726,2,1969,1,1,1,6,2,1,36,39,4,2,7,2,3,2,NaN,1,1,NaN,3,NaN,NaN,NaN,NaN,NaN,2,NaN,NaN,NaN,NaN,NaN,7,7,3,7,7,7,NaN,4,11,3,7,7,2,7,6,4,2,7,7,4,7,2,7,7,4,2,1,9,NaN,2,NaN,NaN,NaN,NaN,NaN,NaN,2,NaN,NaN,NaN,NaN,NaN,NaN,NaN,NaN,NaN,NaN,NaN,NaN,2,4,1,1,2
467,130802,13080,1,29,NaN,13080,2,1965,1,1,22,1,2,2,40,33,1,1,2,2,1,2,NaN,1,1,NaN,3,4,NaN,NaN,NaN,NaN,2,NaN,NaN,NaN,NaN,NaN,7,7,3,5,4,8,NaN,11,11,5,7,7,5,6,5,7,2,7,7,6,7,4,7,7,6,2,1,2,15,2,2,2,NaN,5,5,NaN,3,NaN,4,40,0,0,0,0,0,0,30,50,20,NaN,NaN,NaN,NaN,NaN
503,137204,13722,0,53,30,13722,2,1974,1,1,1,8,2,1,31,44,1,1,2,2,1,2,NaN,3,3,NaN,3,4,NaN,NaN,NaN,NaN,1,2,3,3,3,2,7,6,3,6,3,NaN,1,11,11,5,7,5,2,6,5,4,2,6,5,1,6,4,7,7,5,2,3,1,2,2,2,2,NaN,3,3,NaN,3,NaN,5,0,40,0,0,50,40,0,40,60,20,NaN,NaN,NaN,NaN,NaN
530,142803,14281,2,29,43,14281,2,1972,1,1,1,1,2,1,33,20.5,1,2,12,2,1,2,NaN,1,1,NaN,3,4,NaN,NaN,NaN,NaN,2,NaN,NaN,NaN,NaN,NaN,6,7,2,6,5,8,NaN,1,11,3,6,6,6,5,7,7,2,6,4,5,7,4,6,6,5,2,1,9,NaN,2,NaN,NaN,NaN,NaN,NaN,NaN,3,NaN,NaN,NaN,NaN,NaN,NaN,NaN,NaN,NaN,NaN,NaN,NaN,2,2,2,2,4
547,147303,14737,1,51,51,14737,2,1976,1,1,1,7,2,1,29,36,3,2,20,2,1,2,NaN,1,1,NaN,3,5,NaN,NaN,NaN,NaN,2,NaN,NaN,NaN,NaN,NaN,6,7,3,4,4,8,NaN,11,11,6,6,4,3,4,3,4,5,4,6,6,6,4,5,7,3,2,3,2,NaN,2,1,2,NaN,1,1,NaN,3,NaN,NaN,100,0,60,60,40,0,0,0,60,0,NaN,NaN,NaN,NaN,NaN
582,153706,15377,0,69,NaN,15377,2,1979,1,1,1,5,2,1,26,44,3,1,10,2,1,2,NaN,5,5,NaN,3,5,NaN,NaN,NaN,NaN,2,NaN,NaN,NaN,NaN,NaN,7,7,3,4,4,8,NaN,8,11,6,7,7,3,5,5,6,1,6,7,3,6,4,7,6,5,2,3,9,NaN,2,NaN,NaN,NaN,NaN,NaN,NaN,3,NaN,NaN,NaN,NaN,NaN,NaN,NaN,NaN,NaN,NaN,NaN,NaN,1,4,1,1,1
583,153806,15385,2,39,NaN,15385,2,1965,1,1,1,1,2,1,40,35,4,2,NaN,2,NaN,NaN,NaN,2,NaN,NaN,3,NaN,NaN,NaN,NaN,NaN,2,NaN,NaN,NaN,NaN,NaN,7,7,5,7,2,NaN,1,11,11,6,6,4,7,6,7,7,1,6,7,4,7,4,6,4,2,2,2,1,NaN,2,3,2,NaN,3,1,NaN,3,NaN,NaN,0,0,NaN,0,50,50,0,50,100,0,NaN,NaN,NaN,NaN,NaN
696,174503,17450,2,55,25,17450,2,1979,1,1,1,3,2,1,26,32.5,1,2,12,2,1,2,NaN,3,3,NaN,3,4,NaN,NaN,NaN,NaN,2,NaN,NaN,NaN,NaN,NaN,6,6,2,3,5,20,NaN,4,11,3,7,5,2,2,4,6,6,6,4,3,5,5,6,6,3,2,1,9,NaN,2,NaN,NaN,NaN,NaN,NaN,7,2,NaN,NaN,NaN,NaN,NaN,NaN,NaN,NaN,NaN,NaN,NaN,NaN,2,3,2,2,3
705,177005,17701,1,32,43,17701,2,1979,1,1,1,9,2,1,26,39,1,1,18,2,1,2,NaN,5,1,NaN,3,4,NaN,NaN,NaN,NaN,2,NaN,NaN,NaN,NaN,NaN,7,7,1,4,7,7,NaN,11,11,6,7,7,2,7,6,7,1,7,7,4,7,1,7,7,5,2,3,1,15,2,2,2,NaN,1,1,NaN,3,NaN,3,0,50,0,0,0,0,0,0,100,20,NaN,NaN,NaN,NaN,NaN
724,180804,18082,2,59,NaN,18082,2,1966,1,1,1,8,2,1,39,30,3,2,8,2,1,2,NaN,2,2,NaN,3,NaN,NaN,NaN,NaN,NaN,2,NaN,NaN,NaN,NaN,NaN,5,5,3,6,4,8,NaN,9,11,6,4,4,3,5,6,6,4,5,7,4,4,4,6,7,4,2,3,9,NaN,2,NaN,NaN,NaN,NaN,NaN,1,2,NaN,NaN,NaN,NaN,NaN,NaN,NaN,NaN,NaN,NaN,NaN,NaN,NaN,NaN,NaN,NaN,NaN
771,190202,19020,0,NaN,50,19020,2,1973,1,1,1,8,2,1,32,28,3,2,8,2,1,2,NaN,3,NaN,NaN,3,5,NaN,NaN,NaN,NaN,2,NaN,NaN,NaN,NaN,NaN,6,6,4,6,6,7,NaN,11,11,6,6,6,4,5,6,5,4,5,5,3,6,4,6,5,3,2,3,1,7,2,1,2,NaN,3,4,3,3,6,5,0,0,0,0,0,0,0,40,100,0,NaN,NaN,NaN,NaN,NaN
780,194905,19496,3,33,NaN,19496,2,1974,1,1,1,9,2,1,31,25,2,2,8,2,1,2,NaN,5,5,NaN,3,4,NaN,NaN,NaN,NaN,2,NaN,NaN,NaN,NaN,NaN,6,6,2,5,3,8,NaN,11,11,5,7,7,4,5,5,7,1,5,1,1,7,7,7,7,5,2,1,2,4,2,2,2,NaN,5,5,NaN,3,2,3,0,20,0,0,0,0,0,0,100,0,NaN,NaN,NaN,NaN,NaN
969,244004,24406,1,NaN,51,24406,2,1977,1,1,1,11,2,1,28,21,1,2,20,2,1,2,NaN,1,1,NaN,3,4,NaN,NaN,NaN,NaN,2,NaN,NaN,NaN,NaN,NaN,6,4,5,3,4,7,NaN,11,11,3,7,6,6,4,4,4,2,5,2,3,7,4,5,5,6,2,3,1,25,2,2,2,NaN,1,1,NaN,3,NaN,4,50,30,30,50,80,20,0,0,30,10,NaN,NaN,NaN,NaN,NaN
1012,251904,25194,2,33,NaN,25194,2,1966,1,1,1,8,2,1,39,31,1,2,14,2,1,2,NaN,1,1,NaN,3,4,NaN,NaN,NaN,NaN,2,NaN,NaN,NaN,NaN,NaN,6,7,6,6,3,7,NaN,11,11,3,7,7,2,6,6,4,1,7,3,5,6,1,7,5,4,2,1,1,18,2,2,2,NaN,1,1,NaN,3,7,5,20,0,0,0,80,80,0,80,0,10,NaN,NaN,NaN,NaN,NaN
1068,274305,27430,2,NaN,30,27430,2,1973,1,1,1,7,2,1,32,15,1,4,3,2,1,2,NaN,5,5,NaN,3,3,NaN,NaN,NaN,NaN,1,2,3,3,3,2,7,7,3,6,2,9,NaN,11,11,3,7,7,1,7,7,7,1,4,3,4,7,4,7,7,1,2,4,4,3,2,3,2,1,1,1,NaN,3,1,NaN,0,0,0,0,0,0,0,0,50,50,NaN,NaN,NaN,NaN,NaN
1142,290503,29050,1,30,56,29050,2,1978,1,1,1,12,2,1,27,5.5,1,4,20,2,1,2,NaN,1,1,NaN,2,4,NaN,NaN,NaN,NaN,2,NaN,NaN,NaN,NaN,NaN,6,6,2,2,4,14,NaN,11,11,3,7,7,5,4,2,5,3,6,1,3,7,3,6,5,5,2,3,1,1,2,2,2,NaN,1,1,NaN,3,NaN,5,0,100,0,0,0,0,0,0,100,100,NaN,NaN,NaN,NaN,NaN
1167,292803,29289,1,41,NaN,29289,2,1964,1,1,1,12,2,1,41,14,1,2,8,2,1,2,NaN,1,1,NaN,3,4,NaN,NaN,NaN,NaN,2,NaN,NaN,NaN,NaN,NaN,6,7,4,6,6,8,NaN,11,11,3,6,7,5,7,6,7,1,7,7,5,7,5,7,5,6,2,1,2,13,2,2,2,NaN,1,1,NaN,3,NaN,4,0,0,0,0,0,0,0,0,50,0,NaN,NaN,NaN,NaN,NaN
1244,312705,31275,3,NaN,NaN,31275,2,1964,1,1,1,11,2,1,41,45,4,1,75,2,1,2,NaN,1,1,NaN,3,4,NaN,NaN,NaN,NaN,2,NaN,NaN,NaN,NaN,NaN,6,5,5,6,3,7,NaN,11,11,3,7,6,3,4,4,5,3,5,5,5,5,3,6,4,3,2,4,1,30,2,1,2,NaN,1,1,NaN,3,NaN,3,70,20,40,40,20,30,0,0,100,0,NaN,NaN,NaN,NaN,NaN
1250,316403,31640,2,53,52,31640,2,1978,1,1,1,8,2,1,27,29.5,1,2,3,2,1,2,NaN,5,5,NaN,2,5,NaN,NaN,NaN,NaN,2,NaN,NaN,NaN,NaN,NaN,5,4,2,4,3,8,NaN,11,11,6,6,4,1,4,5,6,2,3,5,5,6,6,7,4,5,2,3,1,22,2,2,2,NaN,5,5,NaN,3,NaN,5,10,20,10,0,20,10,0,0,90,30,NaN,NaN,NaN,NaN,NaN
1270,322403,32247,0,51,39,32247,2,1979,1,1,1,1,2,1,26,35,1,1,24,2,1,2,NaN,5,1,NaN,3,3,NaN,NaN,NaN,NaN,2,NaN,NaN,NaN,NaN,NaN,7,4,2,1,6,7,NaN,11,11,3,7,5,3,2,6,6,3,5,1,5,4,6,6,6,2,2,3,1,1,2,2,2,NaN,5,5,NaN,3,NaN,4,50,30,0,50,0,0,0,50,50,0,NaN,NaN,NaN,NaN,NaN
1323,341302,34134,3,NaN,NaN,34134,2,1965,1,1,1,4,2,1,40,25,1,2,18,2,1,2,NaN,3,3,NaN,3,4,NaN,NaN,NaN,NaN,1,2,2,2,2,2,5,4,4,3,5,8,NaN,11,11,4,5,5,5,4,6,6,6,3,3,3,6,6,6,5,5,2,1,4,NaN,2,2,2,NaN,4,1,3,3,2,4,50,10,0,0,50,0,0,0,30,0,NaN,NaN,NaN,NaN,NaN
1372,357304,35734,2,23,23,35734,2,1963,1,1,1,9,2,1,42,10,1,4,10,2,3,2,NaN,1,1,NaN,3,2,NaN,NaN,NaN,NaN,2,NaN,NaN,NaN,NaN,NaN,7,7,1,5,3,6,NaN,11,11,3,6,6,3,6,5,6,2,5,5,3,6,4,5,6,6,2,1,2,15,2,1,2,2,1,1,NaN,3,NaN,NaN,50,10,0,50,20,0,0,0,10,10,NaN,NaN,NaN,NaN,NaN
1405,362502,36250,2,NaN,34,36250,2,1971,1,1,1,11,2,1,34,13,1,2,8,2,1,2,NaN,1,1,NaN,3,4,NaN,NaN,NaN,NaN,2,NaN,NaN,NaN,NaN,NaN,6,4,5,3,6,8,NaN,11,11,3,7,7,1,3,4,5,1,4,4,2,6,4,7,4,6,2,3,1,NaN,2,2,2,NaN,1,1,NaN,3,NaN,4,10,50,0,0,0,0,0,0,50,30,NaN,NaN,NaN,NaN,NaN
1408,363005,36307,0,30,50,36307,2,1968,1,1,1,8,2,1,37,40,4,1,2,2,1,2,NaN,1,1,NaN,3,4,NaN,NaN,NaN,NaN,2,NaN,NaN,NaN,NaN,NaN,7,3,6,5,4,6,NaN,11,11,3,7,4,5,6,6,4,1,4,4,3,6,6,5,4,5,2,4,1,20,2,2,2,NaN,1,1,NaN,3,NaN,4,30,0,0,0,0,40,0,0,0,0,NaN,NaN,NaN,NaN,NaN
1442,371504,37150,3,21,25,37150,2,1963,1,1,1,1,2,1,42,25,1,2,15,2,1,2,1,2,1,NaN,3,NaN,NaN,NaN,NaN,NaN,2,NaN,NaN,NaN,NaN,NaN,7,3,7,1,7,7,NaN,11,11,2,5,3,3,1,4,1,6,2,2,6,5,3,6,1,5,2,1,1,20,2,2,2,2,4,1,NaN,3,NaN,NaN,20,20,0,20,20,20,20,20,20,20,NaN,NaN,NaN,NaN,NaN
1457,376102,37613,0,23,NaN,37613,2,1964,1,1,1,4,2,1,41,39,3,1,31,2,1,2,NaN,1,1,NaN,3,4,NaN,NaN,NaN,NaN,1,2,3,2,3,2,7,1,3,6,6,NaN,1,11,11,4,7,3,3,5,7,2,1,4,6,4,7,6,6,6,5,2,3,1,32,2,2,2,NaN,5,1,NaN,3,NaN,4,10,0,0,0,0,0,0,0,30,10,NaN,NaN,NaN,NaN,NaN
1468,377006,37702,0,54,NaN,37702,2,1970,1,1,1,11,2,1,35,40,1,1,22,2,1,2,NaN,1,1,NaN,3,4,NaN,NaN,NaN,NaN,2,NaN,NaN,NaN,NaN,NaN,6,6,3,4,5,6,NaN,11,11,3,5,4,3,4,4,5,5,4,4,3,4,3,5,4,4,2,3,1,25,2,2,2,NaN,5,1,NaN,3,NaN,2,20,20,10,10,10,10,0,0,20,30,NaN,NaN,NaN,NaN,NaN
1509,391203,39128,0,69,53,39128,2,1976,1,1,1,7,2,1,29,55,3,1,19,2,1,2,NaN,2,2,NaN,3,NaN,NaN,NaN,NaN,NaN,2,NaN,NaN,NaN,NaN,NaN,7,7,2,5,2,6,NaN,11,11,6,7,7,2,5,1,7,2,7,5,1,7,1,7,4,7,2,3,1,7,2,2,2,NaN,4,4,NaN,3,NaN,NaN,0,0,0,0,20,0,0,0,50,0,NaN,NaN,NaN,NaN,NaN
1529,396203,39624,3,35,34,39624,2,1972,1,1,1,3,2,1,33,10,1,4,7,2,NaN,NaN,NaN,1,1,NaN,3,NaN,NaN,NaN,NaN,NaN,NaN,NaN,NaN,NaN,NaN,NaN,7,6,1,6,2,9,NaN,10,11,3,7,5,2,4,7,2,4,4,5,5,6,6,6,7,1,2,1,9,NaN,2,NaN,NaN,NaN,NaN,NaN,NaN,1,NaN,NaN,NaN,NaN,NaN,NaN,NaN,NaN,NaN,NaN,NaN,NaN,NaN,1,NaN,NaN,NaN
1610,414703,41475,2,55,39,41475,2,1977,1,1,1,9,2,1,28,17.5,1,2,14,2,1,2,NaN,1,1,NaN,3,4,NaN,NaN,NaN,NaN,2,NaN,NaN,NaN,NaN,NaN,6,4,1,5,3,8,NaN,4,11,3,6,5,2,4,4,6,2,4,1,4,6,4,5,6,5,2,3,9,NaN,2,NaN,NaN,NaN,NaN,NaN,3,2,NaN,NaN,NaN,NaN,NaN,NaN,NaN,NaN,NaN,NaN,NaN,NaN,2,4,2,3,3
1622,416006,41602,2,23,23,41602,2,1971,1,1,1,4,2,1,34,13,1,2,10,2,3,2,NaN,4,NaN,NaN,3,4,NaN,NaN,NaN,NaN,2,NaN,NaN,NaN,NaN,NaN,6,6,3,4,6,NaN,1,11,11,3,6,6,2,5,5,5,1,7,3,4,6,2,7,4,4,2,1,4,8,1,3,2,NaN,1,1,NaN,3,3,3,40,30,0,10,10,10,0,60,50,10,NaN,NaN,NaN,NaN,NaN
1623,416007,41602,3,24,NaN,41602,2,1965,1,1,1,12,2,1,40,22,1,2,NaN,2,1,2,3,3,3,NaN,3,NaN,NaN,NaN,NaN,NaN,2,NaN,NaN,NaN,NaN,NaN,7,5,2,5,4,7,NaN,11,11,5,7,6,2,4,3,4,1,6,4,5,5,2,7,3,4,2,4,2,NaN,2,2,2,3,3,3,NaN,3,NaN,NaN,30,0,0,0,0,0,0,10,0,0,NaN,NaN,NaN,NaN,NaN
1647,420804,42080,2,69,NaN,42080,2,1968,1,1,1,9,2,1,37,36,4,2,12,2,1,2,NaN,1,1,NaN,3,4,NaN,NaN,NaN,NaN,2,NaN,NaN,NaN,NaN,NaN,6,6,5,4,2,NaN,1,11,11,3,6,5,2,4,4,6,4,5,5,3,6,6,6,5,6,2,1,2,10,2,2,2,NaN,3,3,NaN,3,NaN,4,50,50,20,10,10,20,0,20,90,30,NaN,NaN,NaN,NaN,NaN
1651,422203,42226,0,29,16,42226,2,1976,1,1,1,4,2,3,29,40,3,1,2,2,1,2,NaN,3,1,NaN,3,3,NaN,NaN,NaN,NaN,1,2,2,3,3,2,7,6,2,5,2,7,NaN,11,11,3,7,7,2,3,2,4,1,6,5,3,7,4,5,5,6,2,3,1,1,2,2,2,NaN,3,1,NaN,3,NaN,3,10,20,0,0,0,0,0,0,30,0,NaN,NaN,NaN,NaN,NaN
1709,434502,43451,1,29,NaN,43451,2,1964,1,1,1,10,2,1,41,20,2,2,12,2,1,2,3,1,1,NaN,3,NaN,NaN,NaN,NaN,NaN,2,NaN,NaN,NaN,NaN,NaN,7,6,3,6,7,8,NaN,11,11,3,7,6,3,5,5,6,2,5,5,6,6,3,7,2,5,2,1,4,1,2,3,2,2,1,1,NaN,3,NaN,NaN,30,20,20,40,80,10,0,40,60,0,NaN,NaN,NaN,NaN,NaN
1737,439303,43931,2,53,NaN,43931,2,1966,1,1,1,6,2,1,39,15,1,2,NaN,2,NaN,NaN,NaN,2,1,NaN,3,NaN,NaN,NaN,NaN,NaN,2,NaN,NaN,NaN,NaN,NaN,7,7,4,5,6,NaN,1,11,11,5,6,7,4,6,6,6,5,6,6,4,6,3,6,6,5,2,1,2,NaN,2,3,2,NaN,5,5,1,3,1,NaN,20,60,50,20,20,20,0,50,70,40,NaN,NaN,NaN,NaN,NaN
1806,463904,46396,1,34,39,46396,2,1967,1,1,1,12,2,3,38,50,1,1,NaN,2,1,2,NaN,4,5,NaN,3,5,NaN,NaN,NaN,NaN,2,NaN,NaN,NaN,NaN,NaN,5,7,5,6,4,NaN,1,11,11,6,6,7,7,7,7,5,2,7,6,7,5,1,5,6,3,NaN,1,1,NaN,2,2,2,NaN,5,NaN,NaN,3,NaN,5,30,20,0,0,0,0,0,0,10,30,NaN,NaN,NaN,NaN,NaN
1820,473705,47376,2,21,16,47376,2,1965,1,1,4,3,2,2,40,37.5,1,1,6,2,NaN,NaN,NaN,1,1,NaN,3,NaN,NaN,NaN,NaN,NaN,1,2,2,2,2,2,7,6,5,5,6,8,NaN,11,11,4,7,7,2,5,3,7,1,6,6,3,7,3,6,6,6,NaN,1,2,5,2,2,2,NaN,1,1,NaN,3,NaN,4,10,0,10,10,0,0,0,40,20,20,NaN,NaN,NaN,NaN,NaN
1839,482804,48283,2,28,33,48283,2,1975,1,1,1,6,2,3,30,22,1,2,2,2,1,2,NaN,3,3,NaN,3,2,NaN,NaN,NaN,NaN,2,NaN,NaN,NaN,NaN,NaN,7,7,7,6,6,6,NaN,4,11,3,7,7,4,6,6,6,1,6,2,6,7,2,7,7,3,1,1,9,NaN,2,NaN,NaN,NaN,NaN,NaN,NaN,2,NaN,NaN,NaN,NaN,NaN,NaN,NaN,NaN,NaN,NaN,NaN,NaN,2,4,2,3,3
1851,494103,49417,0,29,30,49417,2,1974,1,1,1,8,2,3,31,40,1,1,4,2,1,2,1,1,1,NaN,3,NaN,NaN,NaN,NaN,NaN,2,NaN,NaN,NaN,NaN,NaN,7,7,1,4,7,6,NaN,11,11,3,7,7,4,7,7,7,1,4,1,4,7,1,7,7,4,NaN,1,1,1,2,2,1,1,1,1,NaN,3,NaN,NaN,0,0,0,0,0,50,0,0,50,30,NaN,NaN,NaN,NaN,NaN
1881,512103,51217,2,30,30,51217,2,1976,1,1,1,5,2,3,29,15,1,2,2,2,1,2,NaN,3,NaN,NaN,3,3,NaN,NaN,NaN,NaN,2,NaN,NaN,NaN,NaN,NaN,6,6,4,5,6,NaN,1,11,11,3,7,6,4,5,6,4,1,4,6,4,6,4,5,5,5,NaN,1,2,6,2,3,2,2,2,NaN,NaN,3,3,NaN,50,0,0,80,50,0,0,0,0,0,NaN,NaN,NaN,NaN,NaN
1896,521203,52124,0,29,39,52124,2,1970,1,1,1,1,2,3,35,42,3,1,2,2,1,2,3,3,3,NaN,3,NaN,NaN,NaN,NaN,NaN,1,2,3,2,2,3,5,7,4,4,4,NaN,1,11,11,3,7,4,1,3,3,1,5,2,1,2,7,2,7,7,7,NaN,3,1,2,2,2,2,2,3,5,NaN,3,NaN,NaN,20,40,0,0,0,0,0,0,70,0,NaN,NaN,NaN,NaN,NaN
1908,527103,52710,1,34,NaN,52710,2,1965,1,1,119,9,2,2,40,20,1,2,5,2,1,2,NaN,1,1,NaN,3,3,NaN,NaN,NaN,NaN,2,NaN,NaN,NaN,NaN,NaN,7,7,3,6,3,7,NaN,11,11,5,7,6,3,4,5,5,1,5,6,3,6,4,6,5,4,NaN,1,2,4,2,1,1,2,1,1,NaN,3,6,NaN,80,50,0,50,50,0,0,0,50,0,NaN,NaN,NaN,NaN,NaN
1915,533604,53368,1,30,43,53368,2,1969,1,1,1,9,2,3,36,9,4,4,30,2,3,2,1,1,1,NaN,3,NaN,NaN,NaN,NaN,NaN,2,NaN,NaN,NaN,NaN,NaN,7,7,6,5,3,10,NaN,1,11,3,7,5,3,3,6,4,1,6,1,3,7,6,6,3,4,2,4,9,NaN,2,NaN,NaN,NaN,NaN,NaN,17,3,NaN,NaN,NaN,NaN,NaN,NaN,NaN,NaN,NaN,NaN,NaN,NaN,2,3,2,2,2
1924,542604,54267,0,30,NaN,54267,2,1965,1,1,1,8,2,1,40,45,3,1,13,2,1,2,NaN,1,1,NaN,3,3,NaN,NaN,NaN,NaN,2,NaN,NaN,NaN,NaN,NaN,7,5,4,4,7,7,NaN,11,11,4,7,6,6,6,5,6,1,6,5,6,7,3,6,5,1,2,3,1,2,2,2,2,NaN,1,1,NaN,3,NaN,4,0,0,0,0,0,0,0,0,0,0,NaN,NaN,NaN,NaN,NaN
1973,571503,57150,1,30,29,57150,2,1968,1,1,2,1,2,2,37,39,4,1,NaN,2,1,1,2,5,5,NaN,3,NaN,NaN,NaN,NaN,NaN,1,2,3,2,3,3,7,7,2,1,5,NaN,1,11,11,3,7,7,7,1,6,4,1,2,1,3,5,2,3,1,1,2,1,1,NaN,2,2,2,2,1,1,NaN,3,NaN,NaN,0,0,0,0,0,0,0,0,0,0,NaN,NaN,NaN,NaN,NaN
2002,584408,58440,2,NaN,NaN,58440,2,1972,1,1,29,10,3,2,33,50,1,1,5,2,1,2,2,2,2,NaN,3,NaN,NaN,NaN,NaN,NaN,2,NaN,NaN,NaN,NaN,NaN,7,5,2,5,4,NaN,1,11,11,3,7,5,1,4,4,6,1,4,3,5,7,4,4,5,5,NaN,1,4,NaN,2,2,2,1,2,1,NaN,3,NaN,NaN,20,0,0,20,0,0,0,0,0,0,NaN,NaN,NaN,NaN,NaN
2010,587904,58793,2,26,20,58793,2,1971,1,1,1,9,2,3,34,60,1,1,NaN,2,NaN,NaN,NaN,2,2,NaN,3,NaN,NaN,NaN,NaN,NaN,2,NaN,NaN,NaN,NaN,NaN,6,6,4,6,6,8,NaN,11,11,6,7,6,2,5,7,6,1,5,6,6,6,2,6,5,2,2,1,2,4,2,2,2,NaN,2,2,NaN,3,NaN,4,0,20,30,60,10,0,0,10,60,0,NaN,NaN,NaN,NaN,NaN
2025,601803,22373,2,38,NaN,22373,2,1964,1,1,1,7,2,3,41,20,1,2,3,2,1,2,NaN,1,1,NaN,3,3,NaN,NaN,NaN,NaN,2,NaN,NaN,NaN,NaN,NaN,7,7,6,5,3,16,NaN,11,11,3,7,7,4,6,5,7,1,7,3,5,7,2,7,7,5,1,2,2,1,2,2,2,2,1,1,NaN,3,NaN,NaN,0,40,30,50,0,0,0,70,80,0,NaN,NaN,NaN,NaN,NaN
2036,604302,5649,2,NaN,NaN,5649,2,1964,1,1,18,12,2,2,41,32,1,2,8,2,1,2,NaN,1,1,2,3,4,NaN,NaN,NaN,NaN,2,NaN,NaN,NaN,NaN,NaN,6,5,2,4,5,7,NaN,11,11,3,7,7,1,4,5,6,2,5,5,2,6,2,6,2,6,1,1,2,NaN,2,2,2,NaN,1,1,NaN,3,NaN,4,80,0,20,20,20,20,0,50,60,20,NaN,NaN,NaN,NaN,NaN
2056,613703,31917,2,67,NaN,31917,2,1967,1,1,1,3,2,1,38,46,1,1,NaN,2,NaN,NaN,NaN,2,2,NaN,3,NaN,NaN,NaN,NaN,NaN,2,NaN,NaN,NaN,NaN,NaN,5,7,4,4,5,NaN,1,11,11,6,6,7,5,5,4,5,5,5,7,3,6,2,4,6,6,2,1,2,1,2,3,2,NaN,3,3,NaN,3,NaN,NaN,30,50,NaN,10,10,20,0,0,60,0,NaN,NaN,NaN,NaN,NaN
2117,680302,45667,1,30,NaN,45667,2,1966,1,1,1,1,2,1,39,10,3,2,NaN,2,1,2,NaN,5,1,NaN,3,NaN,NaN,NaN,NaN,NaN,2,NaN,NaN,NaN,NaN,NaN,6,5,1,3,4,NaN,1,11,11,3,7,2,4,2,5,3,4,3,3,5,6,6,7,3,4,2,3,1,22,2,2,2,2,1,1,NaN,3,NaN,NaN,20,10,10,10,0,0,0,10,30,0,NaN,NaN,NaN,NaN,NaN
2195,791302,9210,2,29,NaN,9210,2,1966,1,1,1,12,2,1,39,45,4,1,22,2,1,2,NaN,3,1,NaN,3,4,NaN,NaN,NaN,NaN,2,NaN,NaN,NaN,NaN,NaN,7,7,4,5,7,NaN,1,11,11,3,7,7,3,7,7,7,1,7,6,5,7,5,7,6,3,2,1,2,25,2,2,2,NaN,3,1,NaN,3,NaN,5,10,0,0,0,0,0,0,0,0,100,NaN,NaN,NaN,NaN,NaN
2198,791802,20052,1,31,NaN,20052,2,1963,1,1,1,11,2,1,42,41,4,1,110,2,1,2,NaN,1,1,5,3,4,NaN,NaN,NaN,NaN,2,NaN,NaN,NaN,NaN,NaN,7,7,1,7,4,7,NaN,11,11,6,7,7,1,7,3,4,1,7,7,7,7,4,7,7,7,2,1,2,40,2,2,2,NaN,1,1,NaN,3,NaN,4,0,0,0,0,0,0,0,0,100,80,NaN,NaN,NaN,NaN,NaN
2253,814402,59498,3,NaN,NaN,59498,2,1970,1,1,2,2,2,2,35,8,1,2,1,2,1,2,2,5,NaN,NaN,3,NaN,NaN,NaN,NaN,NaN,2,NaN,NaN,NaN,NaN,NaN,6,6,3,5,6,7,NaN,4,11,2,6,6,2,3,6,6,1,5,4,6,6,3,6,6,4,NaN,1,9,NaN,2,NaN,NaN,NaN,NaN,NaN,3,1,NaN,NaN,NaN,NaN,NaN,NaN,NaN,NaN,NaN,NaN,NaN,NaN,2,3,2,2,3
2264,823002,16306,2,29,NaN,16306,2,1968,1,1,1,11,2,1,37,39,1,1,3,2,1,2,NaN,1,1,NaN,3,5,NaN,NaN,NaN,NaN,2,NaN,NaN,NaN,NaN,NaN,7,7,3,7,6,8,NaN,11,11,3,7,6,2,5,6,6,1,7,5,4,6,6,6,6,5,2,1,2,6,2,3,2,NaN,1,1,NaN,3,NaN,3,20,0,0,0,0,0,0,60,70,70,NaN,NaN,NaN,NaN,NaN
2266,823202,22055,0,55,NaN,22055,2,1967,1,1,1,4,2,1,38,30,4,2,8,2,1,2,NaN,1,1,NaN,3,4,NaN,NaN,NaN,NaN,2,NaN,NaN,NaN,NaN,NaN,7,7,3,5,5,7,NaN,11,11,3,7,7,6,6,7,5,1,5,4,7,7,5,5,5,7,2,1,2,3,2,2,2,NaN,1,1,NaN,3,NaN,4,10,0,0,0,0,0,0,0,50,10,NaN,NaN,NaN,NaN,NaN
2267,823302,26735,2,29,NaN,26735,2,1963,1,1,22,7,2,2,42,30,1,2,15,2,1,2,NaN,3,3,NaN,3,4,NaN,NaN,NaN,NaN,1,2,3,3,3,2,5,5,2,3,3,NaN,1,11,11,3,6,5,3,4,4,7,2,4,2,5,5,6,5,3,1,2,1,1,15,2,2,2,NaN,3,3,NaN,3,NaN,3,10,0,0,10,0,20,0,0,100,0,NaN,NaN,NaN,NaN,NaN
2274,826102,40410,0,30,NaN,40410,2,1971,1,1,1,5,2,1,34,47,6,1,35,2,1,2,NaN,5,5,NaN,3,4,NaN,NaN,NaN,NaN,2,NaN,NaN,NaN,NaN,NaN,5,6,4,4,5,8,NaN,11,11,3,6,6,2,2,5,5,1,6,5,6,5,2,5,1,4,2,1,1,100,2,2,2,NaN,5,5,13,3,3,4,80,10,50,50,0,10,0,0,30,0,NaN,NaN,NaN,NaN,NaN
2275,826202,36293,2,29,30,36293,2,1965,1,1,1,6,2,1,40,20,1,2,4,2,1,2,NaN,1,1,NaN,3,4,NaN,NaN,NaN,NaN,2,NaN,NaN,NaN,NaN,NaN,6,5,5,5,3,8,NaN,11,11,3,7,7,1,4,7,6,1,4,4,2,7,3,7,4,5,2,1,2,1,2,2,2,NaN,1,1,NaN,3,NaN,5,20,0,0,0,0,0,0,0,0,20,NaN,NaN,NaN,NaN,NaN
2292,829604,14923,0,69,55,14923,2,1967,1,1,1,4,2,1,38,38,1,1,15,2,1,2,NaN,4,5,NaN,3,4,NaN,NaN,NaN,NaN,1,2,3,3,2,1,7,7,4,7,5,7,NaN,11,11,3,7,7,1,6,5,6,1,7,5,3,7,6,6,5,5,2,3,1,12,2,2,2,NaN,4,4,NaN,3,NaN,4,0,50,0,0,0,0,0,0,60,70,NaN,NaN,NaN,NaN,NaN
2345,857102,27804,0,31,NaN,27804,2,1968,1,1,1,2,2,1,37,45,1,1,5,2,3,2,NaN,5,5,NaN,3,NaN,NaN,NaN,NaN,NaN,2,NaN,NaN,NaN,NaN,NaN,7,7,2,5,5,6,NaN,11,11,6,7,6,2,4,4,6,1,5,3,2,6,2,6,4,4,2,1,1,1,2,3,2,NaN,5,5,NaN,3,NaN,NaN,0,80,0,0,10,0,0,10,40,0,NaN,NaN,NaN,NaN,NaN
2357,859703,7340,1,26,NaN,7340,2,1971,1,1,1,2,2,1,34,10,1,4,5,2,3,2,1,3,3,NaN,3,NaN,NaN,NaN,NaN,NaN,NaN,NaN,NaN,NaN,NaN,NaN,4,6,6,4,3,NaN,1,11,11,4,5,6,5,4,4,7,4,7,5,1,4,1,6,4,5,2,1,4,2,2,3,2,1,3,3,NaN,3,NaN,NaN,30,20,0,60,20,10,0,20,0,0,NaN,NaN,NaN,NaN,NaN
2373,881302,33197,2,51,NaN,33197,2,1967,1,1,11,1,3,2,38,38,1,1,15,2,1,2,NaN,1,1,NaN,3,4,NaN,NaN,NaN,NaN,2,NaN,NaN,NaN,NaN,NaN,6,6,5,4,4,8,NaN,11,11,5,6,6,1,3,5,7,1,5,5,5,5,2,6,2,4,NaN,1,2,15,2,2,2,NaN,1,1,NaN,3,1,4,0,0,0,0,0,0,0,0,0,0,NaN,NaN,NaN,NaN,NaN
2381,884802,15415,0,54,NaN,15415,2,1967,1,1,1,10,2,1,38,40,3,1,5,2,1,2,NaN,4,1,NaN,3,5,NaN,NaN,NaN,NaN,2,NaN,NaN,NaN,NaN,NaN,7,7,7,7,1,NaN,1,11,11,6,7,7,6,2,1,3,1,7,2,2,7,1,6,5,7,2,3,1,50,2,2,2,NaN,1,1,NaN,3,NaN,5,20,70,0,0,0,0,0,0,90,90,NaN,NaN,NaN,NaN,NaN
2409,906802,55522,0,NaN,NaN,55522,2,1965,1,1,1,6,2,1,40,40,3,1,10,2,1,2,NaN,1,1,NaN,3,4,NaN,NaN,NaN,NaN,1,3,3,3,3,2,7,7,7,6,7,7,NaN,11,11,3,7,7,7,7,7,7,1,7,1,7,7,1,1,7,1,2,4,1,1,2,2,2,NaN,1,1,NaN,3,NaN,4,0,60,50,50,0,0,0,0,50,50,NaN,NaN,NaN,NaN,NaN
2451,923402,40150,2,33,NaN,40150,2,1968,1,1,1,7,2,1,37,10,1,4,1,2,1,2,NaN,1,1,NaN,3,3,NaN,NaN,NaN,NaN,2,NaN,NaN,NaN,NaN,NaN,6,5,2,7,4,11,NaN,1,11,3,5,6,2,7,5,3,2,5,6,4,5,5,7,7,1,2,1,9,NaN,2,NaN,NaN,NaN,NaN,NaN,NaN,3,NaN,NaN,NaN,NaN,NaN,NaN,NaN,NaN,NaN,NaN,NaN,NaN,2,2,2,2,4
2467,931902,47724,1,39,NaN,47724,2,1969,1,1,1,11,2,1,36,27.8,3,2,22,2,1,2,NaN,1,1,NaN,3,4,NaN,NaN,NaN,NaN,2,NaN,NaN,NaN,NaN,NaN,7,5,3,4,4,8,NaN,11,11,6,6,6,4,6,6,5,4,5,5,3,6,3,5,4,3,2,3,4,5,1,2,2,NaN,1,1,15,3,2,2,10,80,100,80,30,10,0,90,70,50,NaN,NaN,NaN,NaN,NaN
2519,970902,38946,2,56,NaN,38946,2,1969,1,1,1,5,2,1,36,32,1,2,30,2,1,2,NaN,1,1,NaN,3,NaN,NaN,NaN,NaN,NaN,2,NaN,NaN,NaN,NaN,NaN,6,4,2,3,6,7,NaN,11,11,6,6,5,2,2,6,6,2,3,2,5,6,3,6,2,2,2,1,2,22,2,2,2,NaN,1,1,NaN,1,NaN,NaN,0,0,0,0,100,0,0,60,20,0,NaN,NaN,NaN,NaN,NaN
2567,1000902,2623,0,23,NaN,2623,2,1979,1,1,1,2,2,1,26,25,1,2,12,2,1,2,NaN,1,1,NaN,3,4,NaN,NaN,NaN,NaN,1,2,3,3,1,2,5,4,5,6,6,8,NaN,11,11,3,4,4,5,4,4,7,4,4,7,5,6,4,5,7,2,2,3,1,20,2,2,2,NaN,4,5,NaN,3,6,5,0,100,10,40,0,0,0,0,100,100,NaN,NaN,NaN,NaN,NaN
2569,1003702,11282,1,55,NaN,11282,2,1965,1,1,1,11,2,1,40,44,1,1,21,2,1,2,NaN,3,3,4,3,4,NaN,NaN,NaN,NaN,2,NaN,NaN,NaN,NaN,NaN,7,5,5,5,5,6,NaN,6,11,5,7,7,6,4,2,7,1,7,6,2,6,5,7,7,6,2,2,9,NaN,1,NaN,NaN,NaN,NaN,NaN,NaN,3,NaN,NaN,NaN,NaN,NaN,NaN,NaN,NaN,NaN,NaN,NaN,NaN,2,4,1,2,1
2654,1087802,56944,3,NaN,NaN,56944,2,1969,1,1,2,3,2,2,36,6,1,2,6,2,1,2,1,1,1,NaN,3,NaN,NaN,NaN,NaN,NaN,2,NaN,NaN,NaN,NaN,NaN,7,7,1,6,7,16,NaN,1,11,2,7,7,1,5,6,7,1,4,1,6,7,4,7,4,2,2,1,9,NaN,2,NaN,NaN,NaN,NaN,NaN,NaN,3,NaN,NaN,NaN,NaN,NaN,NaN,NaN,NaN,NaN,NaN,NaN,NaN,NaN,1,NaN,NaN,NaN
2687,1107902,34533,3,33,NaN,34533,2,1980,1,1,1,3,2,1,25,40,4,1,NaN,2,2,2,NaN,1,5,NaN,3,4,NaN,NaN,NaN,NaN,1,3,3,2,3,2,6,6,2,4,7,NaN,1,1,11,3,7,6,3,6,7,3,1,6,6,6,6,2,6,7,3,2,1,9,NaN,2,NaN,NaN,NaN,NaN,NaN,NaN,3,NaN,NaN,NaN,NaN,NaN,NaN,NaN,NaN,NaN,NaN,NaN,NaN,2,3,2,3,4
2700,1113602,44393,3,67,NaN,44393,2,1975,1,1,1,2,2,1,30,9,1,4,3,2,1,2,NaN,1,1,NaN,3,2,NaN,NaN,NaN,NaN,2,NaN,NaN,NaN,NaN,NaN,6,6,2,2,7,7,NaN,6,11,3,6,6,2,3,7,6,2,7,6,6,6,3,7,3,1,2,1,9,NaN,1,NaN,NaN,NaN,NaN,NaN,NaN,3,NaN,NaN,NaN,NaN,NaN,NaN,NaN,NaN,NaN,NaN,NaN,NaN,2,3,1,3,1
2712,1123702,17701,0,68,43,17701,2,1977,1,1,1,8,2,1,28,40,1,1,8,2,1,2,NaN,1,1,NaN,3,3,NaN,NaN,NaN,NaN,2,NaN,NaN,NaN,NaN,NaN,7,5,2,6,4,NaN,1,11,11,5,7,7,1,6,7,7,1,7,4,1,7,1,7,7,7,2,1,1,8,2,2,2,NaN,5,5,NaN,3,NaN,2,0,0,0,0,0,0,0,0,0,0,NaN,NaN,NaN,NaN,NaN
2727,1135002,36200,2,79,25,36200,2,1978,1,1,1,4,2,1,27,24.6,3,2,5,2,3,2,NaN,1,1,1,3,NaN,NaN,NaN,NaN,NaN,2,NaN,NaN,NaN,NaN,NaN,6,7,3,4,6,NaN,1,11,11,5,4,6,3,4,7,6,5,4,3,4,5,4,4,6,4,2,3,1,7,2,2,2,NaN,1,1,NaN,3,7,NaN,0,30,0,0,20,10,0,0,60,100,NaN,NaN,NaN,NaN,NaN
2837,1217202,32573,3,NaN,NaN,32573,2,1977,1,1,1,2,2,1,28,9,1,4,NaN,2,1,2,NaN,1,1,NaN,2,4,NaN,NaN,NaN,NaN,2,NaN,NaN,NaN,NaN,NaN,7,6,3,5,2,8,NaN,11,12,3,7,6,4,6,6,4,1,4,5,5,5,3,4,4,3,2,3,1,5,2,2,2,NaN,5,1,NaN,3,NaN,4,20,30,10,10,0,0,0,0,40,70,NaN,NaN,NaN,NaN,NaN
2840,1222102,505137,2,51,39,505137,2,1977,2,2,1,5,1,1,28,35,1,2,30,2,1,2,NaN,5,1,NaN,3,5,NaN,NaN,NaN,NaN,2,NaN,NaN,NaN,NaN,NaN,5,7,2,3,7,7,NaN,11,11,6,2,6,2,2,7,3,6,7,2,3,2,1,6,6,3,2,1,4,30,2,2,2,NaN,2,1,NaN,3,NaN,4,20,30,30,0,20,20,0,100,70,40,NaN,NaN,NaN,NaN,NaN
3263,2034801,203483,0,30,NaN,203483,2,1974,1,1,1,6,2,1,31,43,3,1,30,2,1,2,NaN,2,3,NaN,3,NaN,NaN,NaN,NaN,NaN,1,2,3,3,3,2,6,5,2,5,3,8,NaN,11,11,6,6,5,4,5,4,5,4,6,5,5,5,4,5,5,4,2,3,1,NaN,2,2,2,NaN,3,1,NaN,3,NaN,NaN,10,NaN,10,10,10,10,10,NaN,90,10,NaN,NaN,NaN,NaN,NaN
3281,2076003,207608,0,40,43,207608,2,1975,1,1,1,3,2,1,30,50,3,1,2,2,1,2,NaN,5,5,NaN,3,5,NaN,NaN,NaN,NaN,2,NaN,NaN,NaN,NaN,NaN,6,3,4,5,4,8,NaN,11,11,3,6,5,3,4,5,5,2,6,6,4,5,5,5,5,3,2,3,1,1,2,2,2,NaN,4,4,NaN,3,NaN,4,20,80,0,0,60,10,0,50,100,100,NaN,NaN,NaN,NaN,NaN
3324,2146601,214663,2,23,23,214663,2,1972,1,1,1,7,2,1,33,32,1,2,22,2,1,2,NaN,1,1,NaN,3,4,NaN,NaN,NaN,NaN,2,NaN,NaN,NaN,NaN,NaN,7,6,4,5,3,8,NaN,11,11,3,6,6,2,6,6,5,2,5,3,3,5,5,6,6,5,2,1,4,10,1,2,2,NaN,1,1,NaN,3,2,3,50,20,80,50,20,20,0,20,80,0,NaN,NaN,NaN,NaN,NaN
3374,2509602,250961,1,NaN,NaN,250961,2,1969,1,1,38,6,2,2,36,40,1,1,17,2,NaN,NaN,NaN,1,1,NaN,3,NaN,NaN,NaN,NaN,NaN,2,NaN,NaN,NaN,NaN,NaN,5,5,3,4,5,9,NaN,11,11,6,7,7,1,3,4,6,1,5,2,5,7,2,7,7,5,2,1,1,16,2,2,2,NaN,5,1,NaN,3,NaN,2,0,0,0,0,0,0,0,0,0,0,NaN,NaN,NaN,NaN,NaN
3427,2524102,252417,2,NaN,39,252417,2,1968,1,1,1,10,2,1,37,36,1,2,2,2,1,2,NaN,1,1,NaN,3,4,NaN,NaN,NaN,NaN,2,NaN,NaN,NaN,NaN,NaN,7,6,1,6,1,8,NaN,6,11,4,6,6,2,5,3,6,2,5,6,4,5,5,6,5,5,2,1,9,NaN,1,NaN,NaN,NaN,NaN,NaN,NaN,3,NaN,NaN,NaN,NaN,NaN,NaN,NaN,NaN,NaN,NaN,NaN,NaN,2,4,1,3,1
3431,2524502,252450,1,23,23,252450,2,1974,1,1,1,2,2,1,31,1,1,1,5,2,1,2,NaN,2,2,NaN,3,NaN,NaN,NaN,NaN,NaN,2,NaN,NaN,NaN,NaN,NaN,6,6,6,3,4,NaN,1,11,11,6,5,5,3,3,6,6,2,4,7,5,5,5,6,5,4,2,3,1,150,2,1,1,NaN,1,1,3,3,7,5,50,70,0,0,0,0,0,0,0,0,NaN,NaN,NaN,NaN,NaN
3498,2539803,253987,1,50,53,253987,2,1980,2,1,1,10,2,1,25,40,3,1,1,2,1,2,NaN,5,5,NaN,3,5,NaN,NaN,NaN,NaN,2,NaN,NaN,NaN,NaN,NaN,6,7,2,6,2,8,NaN,3,11,6,5,7,2,5,3,5,1,6,6,2,5,2,6,7,6,2,3,9,NaN,2,NaN,NaN,NaN,NaN,NaN,NaN,3,NaN,NaN,NaN,NaN,NaN,NaN,NaN,NaN,NaN,NaN,NaN,NaN,3,4,2,2,4
3533,2546202,254622,0,46,55,254622,2,1972,1,1,1,5,2,1,33,45,1,1,55,2,3,2,NaN,5,5,NaN,3,NaN,NaN,NaN,NaN,NaN,1,2,3,2,2,2,6,4,2,3,2,NaN,1,11,11,6,7,5,2,3,5,6,2,1,2,4,5,6,6,2,4,2,1,1,20,2,2,2,NaN,3,3,NaN,3,NaN,NaN,0,20,0,50,0,0,0,0,100,0,NaN,NaN,NaN,NaN,NaN
3553,2550701,255076,2,39,54,255076,2,1963,1,1,1,11,2,1,42,25,1,2,1,2,2,2,NaN,1,1,NaN,3,4,NaN,NaN,NaN,NaN,2,NaN,NaN,NaN,NaN,NaN,7,7,3,6,5,7,NaN,11,11,6,7,5,5,7,4,3,4,5,7,3,6,3,5,2,3,2,1,2,10,2,2,2,NaN,1,1,NaN,3,NaN,4,60,0,0,0,70,0,0,100,100,0,NaN,NaN,NaN,NaN,NaN
3581,2555301,255530,6,NaN,39,255530,2,1967,1,1,1,11,2,1,38,17,4,4,4,1,1,2,NaN,5,1,NaN,3,2,NaN,NaN,NaN,NaN,2,NaN,NaN,NaN,NaN,NaN,4,7,2,6,5,8,NaN,1,11,3,5,6,2,5,4,4,2,6,5,3,5,3,6,7,4,2,1,9,NaN,2,NaN,NaN,NaN,NaN,NaN,NaN,3,NaN,NaN,NaN,NaN,NaN,NaN,NaN,NaN,NaN,NaN,NaN,NaN,NaN,1,NaN,NaN,NaN
3624,2559102,255912,4,30,NaN,255912,2,1967,1,1,1,10,2,1,38,23,1,2,4,2,1,2,NaN,1,1,NaN,3,2,NaN,NaN,NaN,NaN,2,NaN,NaN,NaN,NaN,NaN,7,7,4,5,5,13,NaN,11,11,2,6,6,2,6,5,6,1,6,7,3,7,5,6,6,5,2,1,2,1,2,3,2,2,2,1,NaN,3,2,NaN,0,0,0,0,0,0,0,0,50,0,NaN,NaN,NaN,NaN,NaN
3657,2566402,256641,3,56,43,256641,2,1970,1,1,1,5,2,1,35,40,1,1,15,2,1,2,NaN,1,1,NaN,3,3,NaN,NaN,NaN,NaN,2,NaN,NaN,NaN,NaN,NaN,6,7,4,2,5,NaN,1,11,11,3,6,7,4,4,6,6,2,7,3,4,6,2,6,6,4,2,1,2,14,2,2,2,NaN,1,1,NaN,3,NaN,4,0,20,0,0,0,0,0,0,40,0,NaN,NaN,NaN,NaN,NaN
3674,2569801,256986,2,16,23,256986,2,1966,1,1,74,11,3,2,39,35,5,2,20,2,1,2,2,1,1,13,3,NaN,NaN,NaN,NaN,NaN,2,NaN,NaN,NaN,NaN,NaN,7,6,4,4,7,7,NaN,11,11,6,7,5,1,6,7,4,1,3,3,4,6,5,7,7,4,2,1,1,23,2,2,2,2,3,3,NaN,3,NaN,NaN,30,0,0,10,0,10,0,10,0,0,NaN,NaN,NaN,NaN,NaN
3731,2578302,257834,2,23,23,257834,2,1967,1,1,1,5,2,1,38,22.5,1,2,60,2,1,2,NaN,1,1,NaN,3,4,NaN,NaN,NaN,NaN,1,2,2,3,2,2,7,4,1,1,5,NaN,1,11,11,3,7,7,1,5,1,6,1,7,4,1,7,5,7,7,5,2,1,2,60,2,2,2,NaN,1,1,NaN,3,NaN,3,0,20,0,0,0,0,0,50,50,0,NaN,NaN,NaN,NaN,NaN
3745,2579102,257915,2,30,43,257915,2,1973,1,1,1,5,2,1,32,18,1,2,13,2,1,2,NaN,1,1,NaN,3,4,NaN,NaN,NaN,NaN,2,NaN,NaN,NaN,NaN,NaN,5,7,3,5,3,8,NaN,4,11,4,6,6,4,6,7,4,2,6,6,6,6,2,5,6,3,2,1,9,NaN,2,NaN,NaN,NaN,NaN,NaN,NaN,2,NaN,NaN,NaN,NaN,NaN,NaN,NaN,NaN,NaN,NaN,NaN,NaN,2,4,1,2,1
3755,2580702,258075,2,51,43,258075,2,1975,1,1,1,6,2,1,30,15,1,2,5,2,1,2,NaN,1,1,NaN,3,4,NaN,NaN,NaN,NaN,2,NaN,NaN,NaN,NaN,NaN,7,6,5,5,6,8,NaN,11,11,4,7,7,6,6,5,6,3,7,6,6,6,3,6,6,6,2,1,1,4,2,2,2,NaN,5,1,NaN,3,NaN,4,20,20,0,0,0,0,0,0,40,0,NaN,NaN,NaN,NaN,NaN
3768,2583201,258326,2,45,NaN,258326,2,1973,1,1,1,7,2,1,32,20,1,2,33,2,1,2,NaN,1,1,NaN,3,4,NaN,NaN,NaN,NaN,2,NaN,NaN,NaN,NaN,NaN,6,7,5,5,2,8,NaN,4,11,6,5,7,5,4,3,5,1,6,2,4,7,2,5,4,4,2,1,9,NaN,2,NaN,NaN,NaN,NaN,NaN,NaN,1,NaN,NaN,NaN,NaN,NaN,NaN,NaN,NaN,NaN,NaN,NaN,NaN,2,4,2,1,2
3828,2596501,259659,2,69,NaN,259659,2,1973,1,1,1,11,2,1,32,30,2,2,3,2,1,2,NaN,5,5,NaN,2,5,NaN,NaN,NaN,NaN,2,NaN,NaN,NaN,NaN,NaN,5,6,6,5,2,9,NaN,11,11,6,5,6,6,5,2,4,3,5,7,2,6,1,5,7,5,2,3,1,23,2,2,2,NaN,5,5,NaN,3,NaN,5,30,10,60,60,100,50,0,100,30,20,NaN,NaN,NaN,NaN,NaN
3832,2597501,259756,0,55,NaN,259756,2,1968,1,1,1,3,2,1,37,42.5,3,1,30,2,1,2,NaN,1,1,NaN,3,3,NaN,NaN,NaN,NaN,2,NaN,NaN,NaN,NaN,NaN,7,7,2,6,7,8,NaN,11,11,3,6,6,2,6,6,2,2,6,6,4,6,5,6,7,4,2,3,1,35,2,2,2,NaN,1,1,NaN,3,NaN,4,70,10,10,70,10,10,0,0,80,0,NaN,NaN,NaN,NaN,NaN
3872,2609102,260916,2,43,NaN,260916,2,1974,1,1,1,12,2,1,31,35,1,2,20,2,1,2,NaN,1,1,NaN,3,4,NaN,NaN,NaN,NaN,1,2,2,2,2,2,7,7,2,4,3,9,NaN,11,11,6,6,5,2,3,5,5,2,6,5,3,5,2,5,6,4,2,3,1,18,2,2,2,NaN,5,1,NaN,3,NaN,5,60,20,30,70,10,10,0,0,10,0,NaN,NaN,NaN,NaN,NaN
3899,2617002,261700,0,53,NaN,261700,2,1963,1,1,1,8,2,1,42,39,1,1,11,2,2,2,NaN,1,5,2,3,5,NaN,NaN,NaN,NaN,NaN,NaN,NaN,NaN,NaN,NaN,6,5,3,6,6,NaN,1,3,11,6,5,5,2,5,7,5,3,5,6,3,6,5,5,5,5,2,1,9,NaN,2,NaN,NaN,NaN,NaN,NaN,NaN,3,NaN,NaN,NaN,NaN,NaN,NaN,NaN,NaN,NaN,NaN,NaN,NaN,3,4,1,2,1
3920,2622602,262269,2,30,45,262269,2,1965,1,1,1,10,2,1,40,39,4,1,NaN,2,1,2,NaN,3,5,NaN,3,3,NaN,NaN,NaN,NaN,1,2,2,2,2,2,5,5,5,5,2,NaN,1,11,11,3,3,4,3,3,3,4,2,3,4,5,3,4,3,4,3,2,1,2,NaN,2,2,2,NaN,4,1,NaN,3,NaN,2,0,0,0,0,0,0,0,0,0,0,NaN,NaN,NaN,NaN,NaN
3940,2627202,262722,2,51,NaN,262722,2,1968,1,2,1,1,2,1,37,23,1,2,20,2,1,2,NaN,1,1,NaN,3,4,NaN,NaN,NaN,NaN,2,NaN,NaN,NaN,NaN,NaN,7,6,2,6,2,9,NaN,4,11,3,7,6,2,6,2,6,1,6,6,1,7,2,4,7,7,2,1,9,NaN,2,NaN,NaN,NaN,NaN,NaN,4,2,NaN,NaN,NaN,NaN,NaN,NaN,NaN,NaN,NaN,NaN,NaN,NaN,2,4,2,2,2
3947,2628001,262803,0,54,55,262803,2,1969,1,1,1,3,2,1,36,49,3,1,13,2,1,2,NaN,4,1,NaN,3,4,NaN,NaN,NaN,NaN,2,NaN,NaN,NaN,NaN,NaN,7,7,5,7,4,7,NaN,11,11,5,7,7,7,7,7,7,3,3,7,7,7,7,7,7,1,2,3,1,4,2,2,2,NaN,1,1,NaN,3,NaN,4,0,0,0,0,0,0,0,0,100,0,NaN,NaN,NaN,NaN,NaN
3957,2632302,263230,2,30,NaN,263230,2,1970,1,1,1,5,2,1,35,42.5,1,1,20,2,1,2,NaN,1,1,NaN,3,4,NaN,NaN,NaN,NaN,2,NaN,NaN,NaN,NaN,NaN,7,6,5,6,4,6,NaN,11,11,3,6,5,2,3,5,4,1,6,2,3,5,2,6,4,2,2,1,2,15,2,2,2,NaN,1,1,NaN,3,NaN,3,0,20,0,0,0,0,0,0,0,0,NaN,NaN,NaN,NaN,NaN
3961,2632402,263249,3,38,85,263249,2,1963,1,1,22,7,2,2,42,39,1,1,18,2,1,2,NaN,1,1,NaN,3,5,NaN,NaN,NaN,NaN,1,2,2,3,3,2,6,4,2,4,6,6,NaN,11,11,6,7,4,1,4,6,5,1,3,7,6,7,6,6,5,5,2,1,1,650,2,2,2,NaN,1,1,NaN,3,NaN,5,0,0,0,0,0,0,0,0,50,0,NaN,NaN,NaN,NaN,NaN
3987,2637002,263702,3,33,43,263702,2,1970,1,1,1,9,1,1,35,19.9,1,2,25,2,1,2,NaN,1,1,NaN,3,4,NaN,NaN,NaN,NaN,2,NaN,NaN,NaN,NaN,NaN,6,4,5,5,5,9,NaN,11,11,6,7,4,4,5,5,6,2,5,4,3,7,5,5,6,6,2,4,2,NaN,2,1,2,NaN,1,1,NaN,1,7,5,0,0,0,0,0,0,0,0,0,0,NaN,NaN,NaN,NaN,NaN
4004,2641801,264180,3,69,NaN,264180,2,1968,1,1,1,5,2,1,37,15,1,2,18,2,1,2,NaN,1,1,NaN,3,4,NaN,NaN,NaN,NaN,2,NaN,NaN,NaN,NaN,NaN,6,7,1,6,2,9,NaN,11,11,4,6,6,2,4,7,6,3,7,3,3,5,2,7,5,5,2,1,2,15,2,2,2,NaN,1,1,NaN,2,7,4,30,20,0,10,50,20,0,10,60,20,NaN,NaN,NaN,NaN,NaN
4103,2663601,266361,1,40,43,266361,2,1966,1,1,1,8,2,1,39,40,1,1,NaN,2,1,2,NaN,1,1,NaN,3,4,NaN,NaN,NaN,NaN,2,NaN,NaN,NaN,NaN,NaN,5,6,6,5,6,NaN,1,11,11,5,6,7,2,7,4,3,1,7,2,2,7,2,7,6,6,2,1,1,68,2,2,2,NaN,1,1,NaN,3,NaN,5,10,30,50,0,0,0,0,0,100,30,NaN,NaN,NaN,NaN,NaN
4146,2672701,267279,0,33,16,267279,2,1975,1,1,1,6,2,1,30,29,1,2,58,2,1,2,NaN,5,5,NaN,3,4,NaN,NaN,NaN,NaN,2,NaN,NaN,NaN,NaN,NaN,6,4,1,4,5,8,NaN,11,11,4,6,4,2,4,5,5,2,4,4,3,5,3,5,4,4,2,1,1,35,2,2,2,NaN,5,1,NaN,3,NaN,4,20,10,10,10,30,10,0,10,30,20,NaN,NaN,NaN,NaN,NaN
4186,2686002,268607,2,50,NaN,268607,2,1977,1,1,1,7,2,1,28,39,1,1,24,2,1,2,NaN,5,1,NaN,3,4,NaN,NaN,NaN,NaN,2,NaN,NaN,NaN,NaN,NaN,6,6,1,5,4,8,NaN,11,11,3,7,7,1,5,6,6,1,6,5,3,6,4,6,6,7,2,1,2,5,2,2,2,NaN,5,1,NaN,3,5,4,0,0,0,0,0,0,0,50,0,0,NaN,NaN,NaN,NaN,NaN
4205,2690902,269093,0,NaN,NaN,269093,2,1980,1,1,1,10,2,1,25,60,1,1,NaN,2,1,2,2,2,5,NaN,3,NaN,NaN,NaN,NaN,NaN,2,NaN,NaN,NaN,NaN,NaN,6,5,3,4,5,6,NaN,11,11,2,7,4,1,4,7,7,1,5,1,7,7,7,7,3,5,2,3,2,NaN,2,3,2,NaN,2,1,NaN,3,1,NaN,0,0,0,100,100,0,0,100,0,100,NaN,NaN,NaN,NaN,NaN
4263,2702303,270237,0,NaN,NaN,270237,2,1969,1,1,1,7,2,1,36,42,3,1,18,2,1,2,NaN,1,1,NaN,3,4,NaN,NaN,NaN,NaN,2,NaN,NaN,NaN,NaN,NaN,6,6,1,5,1,8,NaN,11,11,4,7,7,1,5,1,7,2,7,7,1,7,3,7,7,7,2,3,1,15,2,2,2,NaN,1,1,NaN,3,NaN,5,0,0,0,0,0,0,0,0,80,60,NaN,NaN,NaN,NaN,NaN
4267,2702802,270288,0,69,NaN,270288,2,1976,2,2,1,2,2,1,29,36,3,1,8,2,2,1,NaN,5,5,NaN,3,5,NaN,NaN,NaN,NaN,2,NaN,NaN,NaN,NaN,NaN,6,6,3,5,2,9,NaN,11,11,6,7,7,6,7,5,5,2,7,7,5,6,2,5,7,2,2,3,1,1,2,1,1,NaN,2,2,NaN,3,NaN,5,50,60,20,0,0,20,0,0,60,0,NaN,NaN,NaN,NaN,NaN
4280,2704402,270440,2,51,52,270440,2,1968,1,1,1,7,2,1,37,57,1,1,40,2,2,2,NaN,2,2,NaN,3,NaN,NaN,NaN,NaN,NaN,1,3,2,3,2,2,6,6,4,5,4,7,NaN,12,11,6,6,6,2,5,4,5,2,5,4,2,6,4,5,7,6,2,1,4,NaN,2,3,2,NaN,5,1,NaN,3,NaN,NaN,0,0,80,10,20,0,0,100,60,0,NaN,NaN,NaN,NaN,NaN
4286,2705502,270555,1,51,NaN,270555,2,1971,1,1,1,7,2,3,34,25,2,2,8,2,1,2,NaN,1,1,NaN,3,4,NaN,NaN,NaN,NaN,2,NaN,NaN,NaN,NaN,NaN,7,4,3,5,6,8,NaN,11,11,4,7,5,3,5,5,4,2,5,3,4,4,5,5,3,2,2,1,2,6,2,2,2,NaN,1,1,NaN,3,NaN,4,40,0,0,20,20,20,0,0,20,0,NaN,NaN,NaN,NaN,NaN
4294,2706602,270660,1,45,20,270660,2,1966,1,1,1,5,2,1,39,22,4,2,2,2,1,2,NaN,5,1,NaN,3,4,NaN,NaN,NaN,NaN,2,NaN,NaN,NaN,NaN,NaN,7,7,3,4,3,8,NaN,11,11,6,7,7,7,4,5,2,5,7,5,5,7,3,6,6,5,2,4,2,3,2,1,2,NaN,1,1,NaN,3,6,4,90,70,0,0,0,50,0,50,100,50,NaN,NaN,NaN,NaN,NaN
4296,2706701,270679,0,34,30,270679,2,1963,1,1,1,8,2,1,42,60,3,1,NaN,2,1,2,NaN,4,5,NaN,3,5,NaN,NaN,NaN,NaN,1,2,3,3,3,2,6,6,6,4,4,8,NaN,11,11,6,6,7,7,6,5,5,1,7,7,4,7,1,2,4,4,2,3,1,NaN,2,2,2,NaN,2,5,NaN,3,NaN,5,50,50,50,50,0,0,0,0,70,100,NaN,NaN,NaN,NaN,NaN
4297,2706702,270679,0,30,29,270679,2,1969,1,1,1,10,2,1,36,35,3,2,1,2,1,2,NaN,5,1,NaN,3,5,NaN,NaN,NaN,NaN,1,2,2,3,3,2,6,6,3,5,3,8,NaN,11,11,6,7,6,3,7,4,4,2,5,3,5,6,5,5,3,5,2,3,1,3,2,2,2,NaN,4,1,NaN,3,NaN,5,50,0,0,0,0,0,0,0,30,0,NaN,NaN,NaN,NaN,NaN
4316,2709102,270911,3,36,16,270911,2,1963,1,1,1,12,2,1,42,35,1,2,17,2,1,2,NaN,4,1,NaN,3,4,NaN,NaN,NaN,NaN,2,NaN,NaN,NaN,NaN,NaN,7,7,5,6,6,NaN,1,11,11,4,7,7,6,6,6,4,1,7,6,4,6,1,7,7,6,2,4,1,3,2,2,2,NaN,5,1,NaN,3,NaN,4,70,0,50,70,20,0,0,0,100,0,NaN,NaN,NaN,NaN,NaN
4345,2716002,271608,2,29,NaN,271608,2,1964,1,1,1,8,2,1,41,22,4,2,1,2,1,2,2,3,3,NaN,3,NaN,NaN,NaN,NaN,NaN,2,NaN,NaN,NaN,NaN,NaN,7,7,2,6,6,NaN,1,1,11,3,7,7,1,7,5,7,1,7,6,5,7,3,7,7,3,2,1,9,NaN,2,NaN,NaN,NaN,NaN,NaN,NaN,3,NaN,NaN,NaN,NaN,NaN,NaN,NaN,NaN,NaN,NaN,NaN,NaN,3,4,1,2,1
4348,2716302,271632,2,30,16,271632,2,1966,1,1,74,4,3,2,39,35,1,1,1,2,1,2,2,1,1,NaN,3,NaN,NaN,NaN,NaN,NaN,2,NaN,NaN,NaN,NaN,NaN,7,6,1,6,7,NaN,1,11,11,4,7,5,1,5,6,7,1,5,6,5,7,5,7,6,3,2,1,1,3,2,2,2,2,4,5,NaN,3,NaN,NaN,20,0,0,0,0,0,0,0,0,0,NaN,NaN,NaN,NaN,NaN
4413,2729103,272914,1,36,30,272914,2,1973,1,1,1,2,2,1,32,35,3,2,18,2,1,2,NaN,1,1,NaN,3,5,NaN,NaN,NaN,NaN,2,NaN,NaN,NaN,NaN,NaN,6,6,5,5,3,NaN,1,11,11,6,6,5,5,5,5,5,2,4,2,2,5,3,5,4,4,2,3,2,1,2,2,2,NaN,1,1,NaN,1,NaN,4,0,0,0,0,0,0,0,50,0,0,NaN,NaN,NaN,NaN,NaN
4414,2729401,272949,2,51,NaN,272949,2,1969,1,1,1,12,2,1,36,40,2,1,NaN,2,1,2,NaN,2,NaN,NaN,3,NaN,NaN,NaN,NaN,NaN,2,NaN,NaN,NaN,NaN,NaN,4,7,5,6,6,NaN,1,11,11,6,6,7,6,6,4,5,1,7,6,3,6,2,4,6,3,2,1,1,8,2,2,2,NaN,3,3,NaN,3,NaN,NaN,0,0,0,0,0,0,0,60,80,0,NaN,NaN,NaN,NaN,NaN
4433,2731301,273139,2,29,45,273139,2,1965,1,1,2,3,2,2,40,42,4,1,8,2,1,2,NaN,1,1,NaN,3,3,NaN,NaN,NaN,NaN,2,NaN,NaN,NaN,NaN,NaN,6,7,1,7,5,8,NaN,11,11,3,6,7,1,4,2,6,1,7,6,1,6,4,6,6,7,2,1,1,7,2,2,2,NaN,1,1,NaN,3,NaN,4,20,10,0,0,0,10,0,40,50,0,NaN,NaN,NaN,NaN,NaN
4436,2731502,273155,1,69,74,273155,2,1968,1,1,32,1,3,2,37,40,1,1,55,2,1,2,NaN,5,1,NaN,3,4,NaN,NaN,NaN,NaN,2,NaN,NaN,NaN,NaN,NaN,7,7,3,7,4,NaN,1,11,11,5,6,7,1,7,6,6,1,1,4,6,7,4,6,7,4,NaN,1,1,80,2,2,2,NaN,5,1,NaN,3,NaN,4,10,30,10,0,10,10,10,10,80,40,NaN,NaN,NaN,NaN,NaN
4441,2733101,273317,1,29,NaN,273317,2,1967,1,1,1,5,2,3,38,32.5,3,2,5,2,1,2,2,2,1,NaN,3,NaN,NaN,NaN,NaN,NaN,2,NaN,NaN,NaN,NaN,NaN,7,7,5,6,6,NaN,1,11,11,3,7,7,2,3,5,7,1,5,3,1,7,1,7,4,7,2,3,2,4,2,2,2,2,1,1,NaN,3,NaN,NaN,0,0,0,0,0,0,0,0,0,0,NaN,NaN,NaN,NaN,NaN
4466,2741002,274100,1,54,55,274100,2,1978,1,1,1,7,2,1,27,17.5,3,2,5,2,1,2,5,3,5,NaN,3,NaN,NaN,NaN,NaN,NaN,1,2,3,3,3,1,6,5,2,4,5,9,NaN,11,11,5,6,6,4,4,6,6,2,4,3,5,5,6,6,3,3,2,3,1,35,2,2,2,5,2,5,NaN,3,NaN,NaN,0,20,50,0,0,30,0,0,50,30,NaN,NaN,NaN,NaN,NaN
4502,2749002,274909,0,85,85,274909,2,1965,1,1,1,5,2,1,40,38,4,1,45,2,NaN,NaN,NaN,1,1,NaN,3,NaN,NaN,NaN,NaN,NaN,2,NaN,NaN,NaN,NaN,NaN,6,5,3,5,4,NaN,1,6,11,6,7,4,3,6,3,6,4,5,7,4,6,6,7,7,5,2,4,9,NaN,1,NaN,NaN,NaN,NaN,NaN,NaN,3,NaN,NaN,NaN,NaN,NaN,NaN,NaN,NaN,NaN,NaN,NaN,NaN,3,4,1,2,1
4541,2754401,275441,2,88,50,275441,2,1967,1,1,1,8,2,1,38,25,1,2,4,2,1,2,NaN,3,3,NaN,3,4,NaN,NaN,NaN,NaN,2,NaN,NaN,NaN,NaN,NaN,7,7,1,4,6,5,NaN,6,11,3,6,6,1,3,6,7,1,3,1,5,6,5,7,3,1,2,1,9,NaN,1,NaN,NaN,NaN,NaN,NaN,NaN,3,NaN,NaN,NaN,NaN,NaN,NaN,NaN,NaN,NaN,NaN,NaN,NaN,2,4,2,2,2
4543,2754502,275450,3,44,19,275450,2,1966,1,1,1,5,2,1,39,20,1,4,20,2,1,2,NaN,1,1,NaN,3,2,NaN,NaN,NaN,NaN,2,NaN,NaN,NaN,NaN,NaN,7,7,1,5,7,NaN,1,11,11,3,7,7,3,7,7,7,1,6,3,6,7,5,7,7,6,2,1,2,NaN,2,2,2,NaN,5,5,NaN,3,6,3,0,0,0,0,0,0,0,0,0,0,NaN,NaN,NaN,NaN,NaN
4571,2759302,275930,2,69,38,275930,2,1979,1,1,1,6,2,1,26,12.5,1,2,2,2,1,2,2,1,1,NaN,3,NaN,NaN,NaN,NaN,NaN,2,NaN,NaN,NaN,NaN,NaN,7,6,5,5,4,15,NaN,1,11,3,3,1,1,2,6,2,1,7,1,5,5,6,7,5,4,2,1,9,NaN,2,NaN,NaN,NaN,NaN,NaN,NaN,3,NaN,NaN,NaN,NaN,NaN,NaN,NaN,NaN,NaN,NaN,NaN,NaN,2,3,2,3,3
4622,2775001,277509,1,60,16,277509,2,1966,1,1,1,2,2,1,39,36,1,2,8,2,1,2,NaN,5,1,NaN,3,4,NaN,NaN,NaN,NaN,2,NaN,NaN,NaN,NaN,NaN,7,4,1,5,5,8,NaN,11,11,3,7,5,1,5,5,6,2,5,4,4,7,4,6,5,5,2,1,2,8,2,2,2,NaN,1,1,NaN,3,NaN,4,20,10,0,0,0,0,0,60,70,60,NaN,NaN,NaN,NaN,NaN
4655,2783407,278343,0,31,43,278343,2,1968,1,1,1,3,2,1,37,40,1,1,5,2,1,2,NaN,1,1,NaN,3,4,NaN,NaN,NaN,NaN,2,NaN,NaN,NaN,NaN,NaN,6,5,2,4,6,8,NaN,11,11,6,6,4,5,5,6,7,3,4,5,5,6,5,6,5,4,2,3,1,6,2,2,2,NaN,1,1,NaN,3,NaN,4,10,40,0,0,0,10,0,20,30,80,NaN,NaN,NaN,NaN,NaN
4694,2792102,279218,2,20,20,279218,2,1973,1,1,1,5,2,3,32,40,1,1,5,2,1,2,NaN,4,4,NaN,3,4,NaN,NaN,NaN,NaN,2,NaN,NaN,NaN,NaN,NaN,6,7,5,6,7,6,NaN,4,11,3,7,7,3,4,6,1,1,7,3,5,4,1,7,2,2,NaN,1,9,NaN,2,NaN,NaN,NaN,NaN,NaN,11,2,NaN,NaN,NaN,NaN,NaN,NaN,NaN,NaN,NaN,NaN,NaN,NaN,3,3,2,2,3
4697,2792202,279226,2,42,NaN,279226,2,1963,1,1,1,3,2,1,42,38,1,1,12,2,1,2,NaN,2,1,NaN,3,4,NaN,NaN,NaN,NaN,2,NaN,NaN,NaN,NaN,NaN,7,7,1,3,5,NaN,1,11,11,3,7,7,3,5,7,6,3,6,4,3,4,6,6,6,5,2,1,2,7,2,2,2,NaN,5,5,NaN,3,NaN,4,0,0,0,0,0,0,0,100,0,50,NaN,NaN,NaN,NaN,NaN
4710,2794102,279412,3,70,NaN,279412,2,1969,1,1,1,2,2,1,36,9.5,1,4,1,2,1,2,NaN,1,1,NaN,3,3,NaN,NaN,NaN,NaN,2,NaN,NaN,NaN,NaN,NaN,6,6,5,5,5,12,NaN,11,11,3,6,6,4,5,5,6,2,5,3,4,5,3,5,5,5,2,1,2,NaN,2,2,2,NaN,1,1,NaN,3,3,3,0,0,0,20,0,0,0,0,0,0,NaN,NaN,NaN,NaN,NaN
4721,2794602,279463,2,88,NaN,279463,2,1967,1,1,1,3,2,1,38,38,1,2,NaN,2,1,2,NaN,1,1,NaN,3,5,NaN,NaN,NaN,NaN,2,NaN,NaN,NaN,NaN,NaN,7,7,1,6,2,8,NaN,11,11,6,7,7,1,6,4,7,2,6,7,2,7,2,7,7,6,2,1,1,10,2,2,2,NaN,5,5,1,3,2,5,30,0,0,0,0,0,0,0,0,0,NaN,NaN,NaN,NaN,NaN
4779,2801602,280160,0,30,NaN,280160,2,1970,2,2,1,10,1,1,35,40,1,1,35,2,1,2,NaN,2,2,NaN,3,4,NaN,NaN,NaN,NaN,2,NaN,NaN,NaN,NaN,NaN,7,7,6,6,2,NaN,1,6,11,6,7,7,7,7,2,7,7,7,7,7,7,2,6,7,6,2,4,9,NaN,1,NaN,NaN,NaN,NaN,NaN,0,3,NaN,NaN,NaN,NaN,NaN,NaN,NaN,NaN,NaN,NaN,NaN,NaN,1,4,1,2,1
4808,2804302,280437,4,23,NaN,280437,2,1965,1,1,1,8,2,1,40,16,1,2,NaN,2,1,2,NaN,1,1,NaN,3,2,NaN,NaN,NaN,NaN,2,NaN,NaN,NaN,NaN,NaN,6,6,4,4,6,NaN,1,4,11,3,6,5,2,3,5,6,2,4,3,4,5,5,4,4,4,2,1,9,NaN,2,NaN,NaN,NaN,NaN,NaN,NaN,2,NaN,NaN,NaN,NaN,NaN,NaN,NaN,NaN,NaN,NaN,NaN,NaN,4,2,2,3,4
4838,2809402,280941,1,33,NaN,280941,2,1973,1,1,1,9,2,1,32,20,1,2,34,2,1,2,NaN,5,1,NaN,3,4,NaN,NaN,NaN,NaN,2,NaN,NaN,NaN,NaN,NaN,7,7,5,6,3,8,NaN,4,11,3,7,7,2,6,4,5,1,6,5,2,6,2,3,7,2,2,1,9,NaN,2,NaN,NaN,NaN,NaN,NaN,3,2,NaN,NaN,NaN,NaN,NaN,NaN,NaN,NaN,NaN,NaN,NaN,NaN,2,4,2,1,3
4888,2818701,281875,0,33,NaN,281875,2,1963,1,1,1,4,2,1,42,45,1,1,15,2,1,2,NaN,3,1,NaN,3,4,NaN,NaN,NaN,NaN,2,NaN,NaN,NaN,NaN,NaN,7,6,3,6,3,NaN,1,11,11,3,6,7,2,6,4,4,2,6,6,3,6,2,5,5,5,2,1,1,10,2,2,2,NaN,5,1,NaN,3,NaN,4,10,10,30,0,0,0,0,10,20,20,NaN,NaN,NaN,NaN,NaN
4921,2824203,282421,1,46,NaN,282421,2,1980,1,1,1,8,2,1,25,19,1,2,NaN,2,1,1,NaN,1,1,NaN,3,4,NaN,NaN,NaN,NaN,2,NaN,NaN,NaN,NaN,NaN,6,2,4,3,3,NaN,1,11,11,6,7,3,4,3,5,7,3,3,5,2,6,5,5,6,6,2,3,1,5,2,2,2,NaN,5,1,NaN,3,7,4,10,0,0,0,10,0,0,10,90,80,NaN,NaN,NaN,NaN,NaN
4933,2825401,282545,2,33,39,282545,2,1963,1,1,1,1,2,1,42,20,1,2,12,2,1,2,NaN,3,1,NaN,3,4,NaN,NaN,NaN,NaN,2,NaN,NaN,NaN,NaN,NaN,7,5,2,4,3,8,NaN,11,11,3,6,2,6,4,6,6,3,3,4,4,6,2,6,3,4,2,1,2,12,2,2,2,NaN,4,1,NaN,3,NaN,4,20,0,0,0,0,0,0,20,10,10,NaN,NaN,NaN,NaN,NaN
4945,2826502,282650,2,NaN,51,282650,2,1963,1,1,119,11,3,2,42,25,1,2,15,2,1,2,2,1,1,NaN,3,NaN,NaN,NaN,NaN,NaN,2,NaN,NaN,NaN,NaN,NaN,7,7,4,6,2,NaN,1,11,11,6,7,7,1,6,7,5,1,3,5,2,5,2,6,6,2,NaN,1,4,3,2,2,2,1,1,1,NaN,3,NaN,NaN,20,0,0,0,0,0,0,0,0,0,NaN,NaN,NaN,NaN,NaN
4988,2831601,283169,0,33,16,283169,2,1970,1,1,1,10,2,3,35,41,1,1,12,2,2,2,NaN,1,1,NaN,3,5,NaN,NaN,NaN,NaN,2,NaN,NaN,NaN,NaN,NaN,5,3,4,5,4,7,NaN,11,11,3,5,3,6,4,6,6,6,3,4,3,5,5,4,5,5,2,3,1,30,2,2,2,4,1,1,NaN,3,NaN,NaN,60,30,0,20,0,30,0,0,40,0,NaN,NaN,NaN,NaN,NaN
4998,2833303,283339,1,85,39,283339,2,1974,1,1,1,6,2,1,31,10,1,2,9,2,NaN,NaN,NaN,5,5,NaN,3,NaN,NaN,NaN,NaN,NaN,2,NaN,NaN,NaN,NaN,NaN,5,6,1,2,5,NaN,1,11,11,6,7,6,4,5,5,5,5,5,5,5,6,5,7,5,5,2,3,1,10,2,2,2,NaN,5,5,NaN,3,NaN,5,100,50,0,0,0,0,0,0,100,70,NaN,NaN,NaN,NaN,NaN
5014,2838702,283878,0,NaN,43,283878,2,1967,1,1,1,7,2,1,38,40,3,1,3,2,NaN,NaN,NaN,4,NaN,NaN,3,NaN,NaN,NaN,NaN,NaN,2,NaN,NaN,NaN,NaN,NaN,6,6,2,6,4,8,NaN,11,11,6,6,6,2,6,7,7,3,6,4,5,4,4,7,4,4,2,3,2,2,2,1,2,NaN,5,5,5,3,2,5,50,50,60,40,0,50,0,50,80,0,NaN,NaN,NaN,NaN,NaN
5028,2844301,284432,0,34,20,284432,2,1964,1,1,119,10,2,2,41,41,3,1,1,2,1,2,NaN,NaN,NaN,NaN,3,4,NaN,NaN,NaN,NaN,2,NaN,NaN,NaN,NaN,NaN,6,5,4,2,6,8,NaN,11,11,5,6,6,4,3,3,6,6,6,2,4,6,4,6,4,3,2,3,1,2,2,2,2,NaN,5,NaN,NaN,3,NaN,4,10,0,0,20,0,0,0,0,80,10,NaN,NaN,NaN,NaN,NaN
5047,2851501,285153,1,67,53,285153,2,1975,1,1,1,10,1,1,30,25,3,2,2,2,1,2,3,2,2,NaN,3,NaN,NaN,NaN,NaN,NaN,2,NaN,NaN,NaN,NaN,NaN,7,6,2,5,1,9,NaN,11,11,3,7,6,2,3,5,5,5,6,3,6,7,2,7,5,6,2,3,1,25,2,2,2,NaN,3,3,2,3,5,4,0,20,0,30,30,10,0,0,10,50,NaN,NaN,NaN,NaN,NaN
5056,2852902,285293,2,68,NaN,285293,2,1969,1,1,1,9,2,1,36,30,1,2,12,2,3,2,NaN,1,1,NaN,3,NaN,NaN,NaN,NaN,NaN,1,2,2,2,3,2,5,5,4,3,6,7,NaN,11,11,6,6,6,4,5,4,5,2,5,5,4,6,4,5,5,5,2,1,2,11,2,2,2,NaN,1,1,NaN,3,NaN,NaN,20,30,20,0,0,0,0,10,20,20,NaN,NaN,NaN,NaN,NaN
5070,2858803,285889,2,33,16,285889,2,1979,1,1,78,1,3,2,26,7,1,4,1,2,1,2,3,4,1,NaN,3,NaN,NaN,NaN,NaN,NaN,1,1,3,3,3,2,6,6,2,2,7,NaN,1,11,11,3,5,5,2,4,4,6,1,5,2,3,5,4,5,6,4,2,1,2,1,2,2,2,NaN,3,1,NaN,3,NaN,3,10,0,0,0,0,10,0,10,20,10,NaN,NaN,NaN,NaN,NaN
5078,2860404,286044,2,NaN,16,286044,2,1975,1,1,1,10,2,1,30,45,1,1,NaN,2,1,2,NaN,5,5,NaN,3,3,NaN,NaN,NaN,NaN,2,NaN,NaN,NaN,NaN,NaN,6,7,3,6,6,7,NaN,11,11,3,7,7,6,6,2,3,1,5,1,2,6,3,6,3,4,2,1,1,NaN,2,2,2,NaN,5,NaN,9,3,6,3,30,50,20,20,0,10,0,10,40,50,NaN,NaN,NaN,NaN,NaN
5120,2869602,286966,1,44,34,286966,2,1967,1,1,1,12,2,1,38,27,1,2,5,2,1,2,NaN,5,5,NaN,3,4,NaN,NaN,NaN,NaN,1,2,2,2,3,3,6,6,2,3,4,7,NaN,11,11,4,7,6,1,3,4,6,2,4,3,4,6,4,6,6,5,2,1,2,50,2,2,2,NaN,5,5,NaN,3,7,4,40,60,20,30,50,50,0,50,50,50,NaN,NaN,NaN,NaN,NaN
5136,2871805,287180,2,NaN,NaN,287180,2,1970,1,1,21,1,3,2,35,30,1,2,8,2,1,2,1,4,NaN,NaN,3,NaN,NaN,NaN,NaN,NaN,NaN,NaN,NaN,NaN,NaN,NaN,7,7,4,5,4,6,NaN,6,11,2,7,2,6,2,6,7,1,2,4,7,7,5,5,2,2,NaN,1,9,NaN,1,NaN,NaN,NaN,NaN,NaN,18,3,NaN,NaN,NaN,NaN,NaN,NaN,NaN,NaN,NaN,NaN,NaN,NaN,1,4,1,2,1
5156,2878501,287857,1,53,NaN,287857,2,1971,1,1,1,9,2,1,34,15,3,2,13,2,1,2,1,1,1,1,3,NaN,NaN,NaN,NaN,NaN,2,NaN,NaN,NaN,NaN,NaN,7,4,5,6,6,NaN,1,4,11,6,7,7,5,5,6,4,6,5,7,3,3,2,6,5,2,2,3,9,NaN,1,NaN,NaN,NaN,NaN,NaN,NaN,2,NaN,NaN,NaN,NaN,NaN,NaN,NaN,NaN,NaN,NaN,NaN,NaN,2,4,2,2,3
5190,2886602,288667,0,39,NaN,288667,2,1971,1,1,1,11,2,1,34,32,1,2,8,2,1,2,NaN,5,5,NaN,3,4,NaN,NaN,NaN,NaN,2,NaN,NaN,NaN,NaN,NaN,7,6,3,5,4,8,NaN,11,11,3,7,6,5,5,6,7,4,6,2,4,7,2,5,5,2,2,1,2,20,2,2,2,NaN,1,1,NaN,3,NaN,4,50,0,0,50,0,0,0,50,50,0,NaN,NaN,NaN,NaN,NaN
5199,2887701,288772,4,33,20,288772,2,1974,1,1,1,2,2,1,31,25,1,2,1,2,1,2,NaN,1,1,3,3,6,NaN,NaN,NaN,NaN,2,NaN,NaN,NaN,NaN,NaN,7,6,2,6,4,7,NaN,11,11,4,7,5,3,5,5,5,3,5,4,3,6,4,5,6,5,2,1,4,8,2,3,2,NaN,5,4,NaN,2,NaN,4,20,60,10,0,0,10,0,60,60,60,NaN,NaN,NaN,NaN,NaN
5220,2891001,289108,0,33,34,289108,2,1967,1,1,1,7,2,1,38,20,1,2,3,2,1,2,NaN,1,1,NaN,3,2,NaN,NaN,NaN,NaN,2,NaN,NaN,NaN,NaN,NaN,6,5,2,5,4,NaN,1,11,11,2,6,3,5,4,6,6,6,6,4,6,6,5,6,5,5,2,1,2,2,2,2,2,NaN,1,1,NaN,3,NaN,4,0,0,0,0,0,0,0,0,20,0,NaN,NaN,NaN,NaN,NaN
5257,2900101,290017,3,22,NaN,290017,2,1972,1,1,1,5,2,1,33,20,1,2,20,2,1,2,NaN,1,1,NaN,3,4,NaN,NaN,NaN,NaN,2,NaN,NaN,NaN,NaN,NaN,6,4,2,4,5,8,NaN,4,11,3,6,5,2,3,3,6,2,4,3,3,6,5,6,5,4,2,1,9,NaN,2,NaN,NaN,NaN,NaN,NaN,NaN,2,NaN,NaN,NaN,NaN,NaN,NaN,NaN,NaN,NaN,NaN,NaN,NaN,2,3,2,2,3
5265,2902402,290246,2,85,68,290246,2,1974,1,1,1,4,2,1,31,25,1,2,4,2,2,2,NaN,1,1,NaN,3,2,NaN,NaN,NaN,NaN,2,NaN,NaN,NaN,NaN,NaN,7,7,5,5,4,7,NaN,4,11,4,7,7,6,6,7,6,1,4,7,3,7,4,5,7,2,2,1,9,NaN,2,NaN,NaN,NaN,NaN,NaN,NaN,2,NaN,NaN,NaN,NaN,NaN,NaN,NaN,NaN,NaN,NaN,NaN,NaN,2,3,2,2,3
5326,2920201,292028,0,68,NaN,292028,2,1965,1,1,1,5,2,1,40,33,5,2,3,2,1,2,NaN,5,5,NaN,3,4,NaN,NaN,NaN,NaN,2,NaN,NaN,NaN,NaN,NaN,7,7,3,6,6,NaN,1,11,11,3,7,7,6,5,3,1,2,7,4,2,6,2,5,5,6,2,4,1,1,2,2,2,NaN,5,5,NaN,3,NaN,4,50,0,0,30,0,60,0,50,50,0,NaN,NaN,NaN,NaN,NaN
5365,2926602,292664,2,26,33,292664,2,1973,1,1,1,1,2,1,32,21,1,2,50,2,1,2,NaN,1,1,NaN,3,4,NaN,NaN,NaN,NaN,2,NaN,NaN,NaN,NaN,NaN,6,6,5,4,4,7,NaN,4,11,5,7,7,4,3,5,6,2,6,2,2,5,3,6,3,7,2,1,9,NaN,2,NaN,NaN,NaN,NaN,NaN,5,2,NaN,NaN,NaN,NaN,NaN,NaN,NaN,NaN,NaN,NaN,NaN,NaN,2,4,2,2,2
5423,2940201,294020,3,53,45,294020,2,1963,1,1,1,8,2,1,42,40,1,1,40,2,2,2,NaN,1,1,NaN,3,5,NaN,NaN,NaN,NaN,2,NaN,NaN,NaN,NaN,NaN,5,6,5,3,4,9,NaN,11,11,3,6,7,4,5,6,6,3,5,4,6,6,4,6,6,3,2,1,2,50,2,2,2,NaN,5,1,NaN,3,NaN,4,20,50,0,50,30,10,0,50,80,30,NaN,NaN,NaN,NaN,NaN
5478,2951601,295167,2,40,39,295167,2,1967,1,1,1,4,2,1,38,15,1,2,3,2,1,2,NaN,4,4,NaN,3,4,NaN,NaN,NaN,NaN,2,NaN,NaN,NaN,NaN,NaN,5,5,3,4,2,NaN,1,1,11,3,5,5,1,4,5,5,5,6,6,3,6,3,6,4,5,2,1,9,NaN,2,NaN,NaN,NaN,NaN,NaN,NaN,3,NaN,NaN,NaN,NaN,NaN,NaN,NaN,NaN,NaN,NaN,NaN,NaN,2,3,2,2,3
5483,2952002,295205,3,46,50,295205,2,1977,1,1,123,10,3,2,28,4,1,4,20,2,1,2,NaN,1,1,NaN,2,4,NaN,NaN,NaN,NaN,1,2,3,2,3,1,7,7,7,5,5,8,NaN,11,11,6,7,6,3,3,6,5,2,6,4,5,7,2,6,6,4,2,3,1,NaN,2,2,2,NaN,5,1,NaN,3,NaN,4,10,40,10,10,0,50,0,0,50,10,NaN,NaN,NaN,NaN,NaN
5511,2955901,295590,4,NaN,NaN,295590,2,1964,1,1,1,9,2,1,41,40,5,1,NaN,2,1,2,4,1,1,NaN,3,NaN,NaN,NaN,NaN,NaN,2,NaN,NaN,NaN,NaN,NaN,6,7,5,3,5,NaN,1,11,11,3,7,7,3,1,7,7,3,7,7,6,1,1,6,7,7,2,5,2,1,2,2,2,2,2,2,NaN,3,NaN,NaN,0,0,0,0,0,0,0,0,0,100,NaN,NaN,NaN,NaN,NaN
5515,2956002,295604,2,50,NaN,295604,2,1974,1,1,1,7,2,1,31,8,1,2,1,2,1,2,2,5,5,NaN,3,NaN,NaN,NaN,NaN,NaN,2,NaN,NaN,NaN,NaN,NaN,4,6,6,5,5,8,NaN,11,11,2,5,4,6,6,6,3,1,2,7,6,6,5,7,6,5,2,3,2,1,2,1,2,NaN,3,1,NaN,3,7,4,30,50,0,0,0,0,0,20,50,0,NaN,NaN,NaN,NaN,NaN
5527,2957602,295760,3,51,NaN,295760,2,1967,1,2,1,7,2,1,38,42,1,1,18,2,1,2,NaN,4,4,NaN,3,5,NaN,NaN,NaN,NaN,2,NaN,NaN,NaN,NaN,NaN,6,6,2,6,4,NaN,1,6,11,6,6,6,2,5,4,6,2,4,2,5,5,2,6,4,4,2,2,9,NaN,1,NaN,NaN,NaN,NaN,NaN,NaN,3,NaN,NaN,NaN,NaN,NaN,NaN,NaN,NaN,NaN,NaN,NaN,NaN,2,3,1,2,2
5603,2972902,297291,3,56,NaN,297291,2,1965,1,1,1,6,2,1,40,46,1,1,18,2,1,2,NaN,3,1,NaN,3,4,NaN,NaN,NaN,NaN,2,NaN,NaN,NaN,NaN,NaN,6,6,5,5,6,6,NaN,1,11,4,6,6,5,6,6,6,2,7,6,6,6,3,6,6,5,2,1,9,NaN,2,NaN,NaN,NaN,NaN,NaN,NaN,3,NaN,NaN,NaN,NaN,NaN,NaN,NaN,NaN,NaN,NaN,NaN,NaN,3,4,1,2,1
5620,2977702,297771,2,NaN,NaN,297771,2,1963,1,1,1,10,2,3,42,24,1,2,8,2,1,2,NaN,3,3,NaN,3,4,NaN,NaN,NaN,NaN,1,2,2,2,2,2,7,5,2,5,4,NaN,1,11,11,5,6,5,2,5,6,4,2,4,7,4,4,4,6,7,4,NaN,1,2,11,2,2,2,NaN,2,2,NaN,3,NaN,4,30,30,10,10,30,30,0,50,90,30,NaN,NaN,NaN,NaN,NaN
5727,2998202,299820,1,30,38,299820,2,1969,2,2,1,6,1,1,36,32,1,2,15,2,1,2,NaN,5,1,NaN,3,4,NaN,NaN,NaN,NaN,2,NaN,NaN,NaN,NaN,NaN,6,6,5,4,4,7,NaN,11,11,3,5,6,1,3,7,4,1,4,2,6,4,6,6,6,3,2,1,2,3,2,2,2,NaN,4,NaN,NaN,3,NaN,4,30,50,0,0,0,0,0,80,100,50,NaN,NaN,NaN,NaN,NaN
5730,2998302,299839,2,30,45,299839,2,1964,2,2,1,9,1,1,41,32,1,2,30,2,1,2,NaN,3,1,NaN,3,4,NaN,NaN,NaN,NaN,2,NaN,NaN,NaN,NaN,NaN,6,5,2,5,3,9,NaN,11,11,3,5,3,6,3,5,6,2,3,5,3,6,7,6,3,5,2,1,2,2,2,2,2,NaN,3,1,NaN,3,NaN,3,30,0,0,20,0,0,0,0,40,0,NaN,NaN,NaN,NaN,NaN
5752,3001802,300187,2,29,43,300187,2,1964,2,2,1,5,1,1,41,40,1,1,3,2,1,2,NaN,1,1,NaN,3,4,NaN,NaN,NaN,NaN,2,NaN,NaN,NaN,NaN,NaN,7,7,6,7,6,7,NaN,11,11,5,7,7,4,5,7,5,1,5,4,7,6,3,6,4,3,2,1,1,4,2,2,2,NaN,1,1,NaN,3,NaN,4,0,0,0,0,0,0,0,0,50,0,NaN,NaN,NaN,NaN,NaN
5780,3005902,300594,1,30,16,300594,2,1968,2,2,1,9,1,1,37,30,1,2,22,2,2,2,NaN,5,1,NaN,3,4,NaN,NaN,NaN,NaN,2,NaN,NaN,NaN,NaN,NaN,6,7,2,6,2,NaN,1,11,11,3,6,4,4,6,7,6,2,3,3,3,6,5,5,6,5,2,1,1,1,2,2,2,NaN,1,1,NaN,3,NaN,4,20,0,0,0,0,0,0,30,0,0,NaN,NaN,NaN,NaN,NaN
5792,3007101,300713,1,23,38,300713,2,1970,2,2,1,12,1,1,35,40,3,1,10,2,1,2,NaN,3,3,NaN,3,2,NaN,NaN,NaN,NaN,2,NaN,NaN,NaN,NaN,NaN,5,5,5,5,4,NaN,1,11,11,3,6,6,5,5,6,7,2,6,2,2,5,6,6,4,6,2,3,2,15,2,1,2,3,2,1,11,3,6,NaN,50,0,0,0,0,60,0,0,60,0,NaN,NaN,NaN,NaN,NaN
5831,3015101,301515,3,33,33,301515,2,1977,2,2,1,2,1,1,28,30,3,2,10,2,1,2,NaN,1,1,NaN,3,4,NaN,NaN,NaN,NaN,2,NaN,NaN,NaN,NaN,NaN,6,6,4,7,3,NaN,1,4,11,6,6,6,2,7,5,7,3,6,5,5,6,2,6,6,4,2,3,9,NaN,1,NaN,NaN,NaN,NaN,NaN,1,2,NaN,NaN,NaN,NaN,NaN,NaN,NaN,NaN,NaN,NaN,NaN,NaN,2,4,2,2,1
5868,3022301,302236,2,40,67,302236,2,1974,2,2,1,7,1,1,31,45,1,1,15,2,1,2,NaN,5,1,NaN,3,NaN,NaN,NaN,NaN,NaN,2,NaN,NaN,NaN,NaN,NaN,7,7,2,5,5,NaN,1,11,11,6,7,7,4,7,7,4,1,1,7,7,7,7,4,7,1,2,1,2,20,2,2,2,NaN,1,1,NaN,3,NaN,5,0,0,0,50,100,0,0,0,50,0,NaN,NaN,NaN,NaN,NaN
5871,3022702,302279,1,51,25,302279,2,1976,2,2,1,4,1,1,29,35,1,2,8,2,1,2,NaN,1,1,NaN,3,4,NaN,NaN,NaN,NaN,2,NaN,NaN,NaN,NaN,NaN,6,4,4,3,5,7,NaN,11,11,6,7,5,3,5,7,3,1,6,7,4,6,2,7,5,5,2,3,1,3,2,2,2,NaN,1,1,NaN,3,NaN,4,30,40,20,0,0,0,0,0,100,0,NaN,NaN,NaN,NaN,NaN
5887,3026401,302643,3,30,38,302643,2,1966,2,2,1,1,1,1,39,50,1,1,NaN,2,NaN,NaN,NaN,5,5,NaN,3,NaN,NaN,NaN,NaN,NaN,2,NaN,NaN,NaN,NaN,NaN,7,7,1,7,4,NaN,1,4,11,3,7,5,5,6,4,7,1,5,7,5,7,5,6,6,3,2,1,9,NaN,2,NaN,NaN,NaN,NaN,NaN,9,2,NaN,NaN,NaN,NaN,NaN,NaN,NaN,NaN,NaN,NaN,NaN,NaN,2,3,2,1,3
5914,3032302,303232,2,19,33,303232,2,1963,2,2,1,12,1,1,42,30,1,2,2,2,1,2,NaN,3,1,NaN,3,4,NaN,NaN,NaN,NaN,2,NaN,NaN,NaN,NaN,NaN,7,7,4,4,4,NaN,1,11,11,3,7,6,1,4,2,6,2,4,4,2,6,4,7,4,4,2,1,2,2,2,2,2,NaN,3,1,NaN,3,NaN,3,50,0,0,50,30,0,0,30,0,0,NaN,NaN,NaN,NaN,NaN
5929,3033402,303348,1,NaN,39,303348,2,1970,2,2,1,1,1,1,35,40,3,1,5,2,1,2,NaN,3,3,NaN,3,4,NaN,NaN,NaN,NaN,2,NaN,NaN,NaN,NaN,NaN,7,7,1,6,5,8,NaN,11,11,3,5,6,2,4,6,6,2,5,4,3,6,5,6,4,5,2,3,1,10,2,3,2,NaN,3,1,NaN,3,7,NaN,0,40,100,0,0,0,0,0,60,70,NaN,NaN,NaN,NaN,NaN
5946,3035807,303585,4,34,37,303585,2,1976,2,2,1,12,1,1,29,38,1,1,7,2,1,2,NaN,1,1,NaN,3,5,NaN,NaN,NaN,NaN,1,2,2,2,2,1,6,7,4,5,2,8,NaN,11,11,6,6,6,3,5,3,7,2,6,4,7,6,4,7,6,4,2,1,1,7,2,2,2,NaN,1,1,NaN,3,NaN,5,0,0,0,0,0,0,0,30,50,30,NaN,NaN,NaN,NaN,NaN
5961,3040402,304042,2,33,38,304042,2,1979,2,2,1,6,1,1,26,20,3,2,14,2,1,2,1,2,2,NaN,3,NaN,NaN,NaN,NaN,NaN,2,NaN,NaN,NaN,NaN,NaN,6,6,2,5,7,NaN,1,6,11,3,6,6,2,4,5,6,2,6,3,6,5,4,6,6,3,2,3,9,NaN,1,NaN,NaN,NaN,NaN,NaN,NaN,3,NaN,NaN,NaN,NaN,NaN,NaN,NaN,NaN,NaN,NaN,NaN,NaN,3,4,2,2,1
6075,3059401,305944,3,30,26,305944,2,1968,2,2,1,5,1,1,37,45,4,2,5,2,1,2,2,2,3,NaN,3,NaN,NaN,NaN,NaN,NaN,1,3,3,2,3,2,7,7,1,7,4,6,NaN,9,11,3,7,7,1,7,7,7,1,7,1,4,7,4,7,4,5,2,4,9,NaN,1,NaN,NaN,NaN,NaN,NaN,NaN,3,NaN,NaN,NaN,NaN,NaN,NaN,NaN,NaN,NaN,NaN,NaN,NaN,1,4,2,2,1
6107,3066901,306690,2,30,43,306690,2,1971,2,2,1,7,1,1,34,40,4,1,15,2,1,2,NaN,3,5,NaN,3,4,NaN,NaN,NaN,NaN,NaN,NaN,NaN,NaN,NaN,NaN,5,6,6,5,6,NaN,1,11,11,5,6,7,5,7,7,7,1,7,5,3,5,3,7,7,5,2,1,1,16,2,2,2,NaN,3,3,NaN,3,NaN,4,50,50,0,50,0,0,0,0,100,0,NaN,NaN,NaN,NaN,NaN
6221,3085202,308528,3,33,38,308528,2,1966,2,2,1,4,1,1,39,25,1,2,NaN,2,NaN,NaN,NaN,5,5,NaN,3,NaN,NaN,NaN,NaN,NaN,2,NaN,NaN,NaN,NaN,NaN,7,6,2,6,4,NaN,1,11,11,3,7,6,2,6,6,7,1,4,7,4,7,4,6,6,3,2,1,2,NaN,2,2,2,NaN,5,5,NaN,3,NaN,NaN,10,0,0,0,0,0,0,0,60,30,NaN,NaN,NaN,NaN,NaN
6241,3088803,308889,1,26,NaN,308889,2,1975,2,2,1,5,1,1,30,35,3,2,10,2,1,1,NaN,1,1,8,3,4,NaN,NaN,NaN,NaN,2,NaN,NaN,NaN,NaN,NaN,7,4,2,4,5,8,NaN,11,11,4,6,5,2,3,2,6,2,5,2,6,6,6,6,5,3,2,3,1,35,2,2,2,NaN,1,1,NaN,3,NaN,4,20,0,0,20,70,0,0,40,20,0,NaN,NaN,NaN,NaN,NaN
6245,3089302,308935,2,77,69,308935,2,1967,2,2,1,8,1,1,38,32,1,1,20,2,1,2,NaN,2,2,NaN,3,5,NaN,NaN,NaN,NaN,1,2,3,2,3,2,6,7,3,6,3,8,NaN,11,11,6,6,7,1,5,3,7,5,5,6,3,6,3,7,5,6,2,1,1,20,2,2,2,NaN,2,2,NaN,3,NaN,5,10,10,0,0,10,0,0,0,80,0,NaN,NaN,NaN,NaN,NaN
6311,3102501,310255,2,39,38,310255,2,1966,2,2,1,9,1,1,39,50,1,1,7,2,1,2,NaN,5,2,NaN,3,5,NaN,NaN,NaN,NaN,2,NaN,NaN,NaN,NaN,NaN,7,7,2,5,2,7,NaN,11,11,6,6,7,1,5,5,7,1,6,7,3,5,4,5,7,5,2,2,1,7,2,2,2,NaN,5,1,NaN,3,NaN,5,0,50,0,0,0,0,0,0,100,0,NaN,NaN,NaN,NaN,NaN
6321,3103203,310328,1,NaN,20,310328,2,1980,2,2,1,3,1,1,25,40,2,3,5,2,2,2,NaN,3,3,NaN,3,NaN,NaN,NaN,NaN,NaN,1,2,3,3,3,2,6,2,4,3,5,6,NaN,11,11,3,6,5,1,4,4,7,3,5,5,2,6,4,7,4,5,2,3,1,9,2,2,2,NaN,3,3,NaN,3,NaN,3,50,30,0,50,0,20,0,0,50,0,NaN,NaN,NaN,NaN,NaN
7313,3802603,301086,3,69,69,301086,2,1973,2,1,1,4,1,1,32,42,1,1,95,2,1,2,NaN,5,5,NaN,3,5,NaN,NaN,NaN,NaN,2,NaN,NaN,NaN,NaN,NaN,5,6,4,6,2,9,NaN,11,11,6,5,6,6,6,3,3,6,4,5,4,6,2,4,5,5,2,3,1,42,2,2,2,NaN,5,5,NaN,3,NaN,5,50,80,30,10,10,10,0,10,90,60,NaN,NaN,NaN,NaN,NaN
7320,3808102,279374,0,46,NaN,279374,2,1979,1,1,1,9,2,1,26,60,3,1,NaN,2,NaN,NaN,NaN,2,3,NaN,3,NaN,NaN,NaN,NaN,NaN,2,NaN,NaN,NaN,NaN,NaN,5,7,2,5,3,NaN,1,10,11,6,5,7,1,6,4,3,2,7,7,3,7,5,7,5,7,2,3,9,NaN,2,NaN,NaN,NaN,NaN,NaN,NaN,3,NaN,NaN,NaN,NaN,NaN,NaN,NaN,NaN,NaN,NaN,NaN,NaN,4,4,2,1,3
7332,3820402,281638,2,29,NaN,281638,2,1980,1,1,1,11,2,3,25,24,1,2,1,2,1,2,NaN,1,1,NaN,3,4,NaN,NaN,NaN,NaN,2,NaN,NaN,NaN,NaN,NaN,6,6,1,2,4,NaN,1,11,11,3,6,5,1,3,2,6,1,6,3,2,6,6,7,3,6,NaN,1,1,1,2,2,2,NaN,1,1,NaN,3,NaN,3,0,0,0,0,0,0,0,0,0,0,NaN,NaN,NaN,NaN,NaN
7403,3875502,254100,0,33,NaN,254100,2,1980,1,1,1,6,2,1,25,32,1,2,17,2,2,2,NaN,1,1,NaN,3,3,NaN,NaN,NaN,NaN,2,NaN,NaN,NaN,NaN,NaN,6,5,2,4,6,8,NaN,11,11,3,6,3,2,3,5,3,1,4,3,4,4,3,4,3,5,2,3,1,35,2,1,2,NaN,1,1,NaN,3,4,3,90,20,20,30,20,30,0,60,60,30,NaN,NaN,NaN,NaN,NaN
7521,5007303,500739,2,23,16,500739,2,1968,2,2,1,2,1,1,37,37,3,1,NaN,2,1,2,4,1,1,NaN,3,NaN,NaN,NaN,NaN,NaN,2,NaN,NaN,NaN,NaN,NaN,7,7,7,7,2,7,NaN,11,11,3,7,7,1,7,1,1,1,7,1,1,7,1,7,7,7,2,3,1,NaN,2,2,2,4,1,1,NaN,3,NaN,NaN,50,0,0,0,0,0,0,0,0,50,NaN,NaN,NaN,NaN,NaN
7607,5022302,502235,1,69,69,502235,2,1973,2,2,1,10,1,1,32,38.5,4,1,3,2,1,2,NaN,1,1,NaN,3,3,NaN,NaN,NaN,NaN,2,NaN,NaN,NaN,NaN,NaN,5,5,3,5,6,7,NaN,11,11,6,6,6,5,4,6,6,3,5,4,5,5,3,5,3,2,2,3,2,12,2,2,2,NaN,3,1,NaN,3,6,3,50,20,50,50,20,20,0,50,50,0,NaN,NaN,NaN,NaN,NaN
7612,5022501,502251,2,69,NaN,502251,2,1963,2,2,1,5,1,1,42,41.5,1,1,2,2,1,2,NaN,1,1,NaN,3,4,NaN,NaN,NaN,NaN,2,NaN,NaN,NaN,NaN,NaN,7,5,2,6,2,7,NaN,11,11,6,7,4,3,5,5,6,1,3,6,5,6,6,6,6,5,2,1,1,2,2,2,2,NaN,1,1,NaN,3,NaN,4,0,20,0,0,0,0,0,0,30,10,NaN,NaN,NaN,NaN,NaN
7629,5025703,502570,1,30,50,502570,2,1970,1,1,1,2,1,1,35,39,1,1,20,2,1,2,NaN,4,4,NaN,3,4,NaN,NaN,NaN,NaN,1,2,3,2,1,3,7,7,2,4,5,NaN,1,11,11,3,7,7,4,5,5,5,3,7,4,7,6,5,6,5,2,2,1,1,20,2,2,2,3,5,4,NaN,3,NaN,NaN,0,0,0,0,0,0,0,0,50,0,NaN,NaN,NaN,NaN,NaN
7716,5038502,503851,3,55,NaN,503851,2,1969,2,2,1,2,1,1,36,30,1,2,4,2,1,2,NaN,1,1,NaN,3,3,NaN,NaN,NaN,NaN,2,NaN,NaN,NaN,NaN,NaN,5,7,7,6,4,NaN,1,11,11,6,7,7,2,5,2,6,2,6,4,2,6,2,5,6,4,2,1,2,11,2,2,2,NaN,1,1,NaN,3,NaN,4,0,0,0,0,100,0,0,0,100,0,NaN,NaN,NaN,NaN,NaN
7749,5043004,504300,1,26,50,504300,2,1977,1,1,1,5,1,1,28,30,2,2,10,2,2,2,NaN,3,3,NaN,3,3,NaN,NaN,NaN,NaN,2,NaN,NaN,NaN,NaN,NaN,5,6,3,4,4,NaN,1,11,11,3,7,7,1,4,1,7,4,7,5,1,7,4,7,7,5,2,4,1,NaN,2,2,2,NaN,2,5,NaN,3,NaN,3,20,0,0,0,80,0,0,0,0,0,NaN,NaN,NaN,NaN,NaN
7750,5044102,504416,2,57,NaN,504416,2,1966,2,2,1,3,1,1,39,32,3,2,20,2,1,2,NaN,1,1,NaN,3,3,NaN,NaN,NaN,NaN,2,NaN,NaN,NaN,NaN,NaN,6,6,3,6,6,7,NaN,11,11,6,5,5,6,6,6,3,1,4,7,5,7,4,6,2,2,2,3,1,20,2,1,2,NaN,5,1,3,3,NaN,3,0,0,0,30,30,0,0,30,50,0,NaN,NaN,NaN,NaN,NaN
7752,5044404,504440,3,21,NaN,504440,2,1972,2,2,1,4,1,1,33,30,1,2,30,2,1,2,NaN,5,1,NaN,3,4,NaN,NaN,NaN,NaN,2,NaN,NaN,NaN,NaN,NaN,7,5,5,5,7,NaN,1,6,11,3,6,5,2,4,6,6,1,5,6,4,6,4,6,4,4,2,1,9,NaN,1,NaN,NaN,NaN,NaN,NaN,NaN,3,NaN,NaN,NaN,NaN,NaN,NaN,NaN,NaN,NaN,NaN,NaN,NaN,3,4,1,3,1
7759,5044703,504475,2,30,25,504475,2,1973,2,2,1,9,1,1,32,43.5,1,1,9,2,1,2,NaN,5,1,NaN,3,NaN,NaN,NaN,NaN,NaN,2,NaN,NaN,NaN,NaN,NaN,7,6,1,5,2,7,NaN,11,11,6,6,4,1,5,4,7,1,5,4,4,6,3,6,4,4,2,1,1,4,2,1,2,NaN,5,1,NaN,3,3,4,50,60,0,0,0,0,0,0,100,0,NaN,NaN,NaN,NaN,NaN
7764,5045003,504505,1,23,16,504505,2,1974,2,2,1,4,1,1,31,35,3,2,25,2,1,2,NaN,1,1,NaN,3,4,NaN,NaN,NaN,NaN,2,NaN,NaN,NaN,NaN,NaN,7,7,4,3,3,8,NaN,11,11,3,7,7,3,5,5,5,1,6,5,2,5,2,7,5,7,2,3,1,15,2,2,2,NaN,2,1,NaN,3,NaN,4,30,20,0,0,0,0,0,0,60,20,NaN,NaN,NaN,NaN,NaN
7773,5047202,504726,3,37,NaN,504726,2,1967,2,2,1,3,1,1,38,30,1,2,7,2,1,2,3,3,NaN,NaN,3,NaN,NaN,NaN,NaN,NaN,2,NaN,NaN,NaN,NaN,NaN,6,6,4,5,5,NaN,1,11,11,3,7,7,1,7,6,7,1,7,7,2,7,3,6,7,5,2,1,2,30,2,2,2,NaN,3,1,NaN,3,NaN,3,50,30,10,10,10,50,0,20,30,10,NaN,NaN,NaN,NaN,NaN
7786,5048804,504882,0,34,46,504882,2,1973,2,1,1,4,1,1,32,41,3,1,2,2,1,2,NaN,1,5,NaN,3,4,NaN,NaN,NaN,NaN,2,NaN,NaN,NaN,NaN,NaN,7,6,4,5,6,8,NaN,11,11,5,6,6,3,6,5,3,1,5,6,5,6,5,5,5,3,2,3,1,4,2,2,2,NaN,5,5,NaN,3,NaN,4,50,10,0,10,0,0,0,0,70,0,NaN,NaN,NaN,NaN,NaN
7793,5050602,505064,4,29,NaN,505064,2,1972,2,2,1,5,1,1,33,20,1,2,5,2,1,2,NaN,5,NaN,NaN,2,4,NaN,NaN,NaN,NaN,2,NaN,NaN,NaN,NaN,NaN,6,6,2,6,4,7,NaN,11,11,3,6,6,2,6,7,4,6,6,4,3,6,3,6,6,4,2,1,1,38,2,2,2,NaN,1,1,NaN,3,NaN,3,20,20,10,10,20,20,0,0,20,0,NaN,NaN,NaN,NaN,NaN
7869,5064404,506443,1,30,57,506443,2,1979,1,1,1,1,1,3,26,31,3,2,12,2,1,2,NaN,1,1,NaN,3,5,NaN,NaN,NaN,NaN,1,2,3,3,2,1,6,6,2,4,5,NaN,1,3,11,6,7,5,2,5,6,6,2,5,3,5,6,5,6,6,4,2,3,9,NaN,2,NaN,NaN,NaN,NaN,NaN,0,3,NaN,NaN,NaN,NaN,NaN,NaN,NaN,NaN,NaN,NaN,NaN,NaN,1,4,1,1,1
7877,5065403,506540,2,26,51,506540,2,1980,2,1,1,12,1,1,25,39,1,2,1,2,1,2,NaN,3,3,NaN,3,4,NaN,NaN,NaN,NaN,2,NaN,NaN,NaN,NaN,NaN,7,2,1,4,5,7,NaN,6,11,4,6,4,4,4,5,4,3,4,2,4,6,5,5,4,7,2,3,9,NaN,1,NaN,NaN,NaN,NaN,NaN,NaN,3,NaN,NaN,NaN,NaN,NaN,NaN,NaN,NaN,NaN,NaN,NaN,NaN,1,4,1,2,2
7935,5077303,507733,0,67,39,507733,2,1980,2,2,1,5,1,1,25,40,3,1,7,2,1,2,NaN,1,1,NaN,3,5,NaN,NaN,NaN,NaN,2,NaN,NaN,NaN,NaN,NaN,4,6,6,7,4,8,NaN,11,11,6,7,6,1,4,5,4,5,6,7,5,7,5,6,7,6,2,3,4,26,2,2,2,NaN,2,3,NaN,3,NaN,NaN,0,0,0,0,0,0,0,100,100,50,NaN,NaN,NaN,NaN,NaN
7936,5077603,507768,0,23,NaN,507768,2,1965,2,2,1,1,1,1,40,40,1,1,70,2,1,2,2,5,5,NaN,3,NaN,NaN,NaN,NaN,NaN,2,NaN,NaN,NaN,NaN,NaN,6,5,1,4,3,NaN,1,11,11,3,7,5,4,5,4,4,2,6,4,5,4,5,6,5,5,2,3,1,70,2,2,2,2,3,3,NaN,3,NaN,NaN,30,30,0,10,0,10,0,0,10,0,NaN,NaN,NaN,NaN,NaN
7955,5081303,508136,1,21,51,508136,2,1976,2,2,1,5,1,1,29,35,1,2,10,2,1,2,NaN,1,1,NaN,3,5,NaN,NaN,NaN,NaN,2,NaN,NaN,NaN,NaN,NaN,7,4,6,6,4,7,NaN,11,11,6,7,3,6,5,6,2,1,3,4,7,6,5,4,3,2,2,3,1,18,2,2,2,NaN,1,1,NaN,3,NaN,5,40,20,0,0,0,0,0,0,100,50,NaN,NaN,NaN,NaN,NaN
7956,5081403,508144,1,26,21,508144,2,1979,2,2,1,11,1,1,26,35,1,1,30,2,1,2,NaN,3,3,NaN,3,4,NaN,NaN,NaN,NaN,2,NaN,NaN,NaN,NaN,NaN,4,6,6,4,3,5,NaN,11,11,3,5,6,6,4,7,3,5,5,7,7,5,6,4,3,3,2,3,2,15,2,2,2,NaN,3,3,NaN,3,NaN,4,50,50,0,0,40,50,0,0,50,0,NaN,NaN,NaN,NaN,NaN
7963,5082103,508217,1,56,30,508217,2,1970,2,2,1,5,1,1,35,40,4,1,26,2,1,2,NaN,1,1,NaN,3,3,NaN,NaN,NaN,NaN,2,NaN,NaN,NaN,NaN,NaN,7,5,1,6,5,NaN,1,11,11,5,7,7,1,6,6,6,1,5,6,4,5,4,6,4,5,2,1,1,23,2,2,2,NaN,1,1,NaN,3,NaN,3,30,0,0,0,0,0,0,30,0,0,NaN,NaN,NaN,NaN,NaN
8006,5091703,509175,0,30,25,509175,2,1974,2,2,1,11,1,1,31,40,3,1,6,2,1,2,NaN,1,1,NaN,3,4,NaN,NaN,NaN,NaN,2,NaN,NaN,NaN,NaN,NaN,7,4,4,4,5,7,NaN,11,11,4,7,2,6,5,7,7,5,3,3,5,6,7,6,6,4,2,3,1,6,2,2,2,NaN,5,1,NaN,3,NaN,4,40,0,0,0,0,40,0,40,40,0,NaN,NaN,NaN,NaN,NaN
8040,5098803,509884,2,69,53,509884,2,1976,2,2,1,5,1,1,29,40,4,1,3,2,2,2,NaN,1,1,NaN,3,4,NaN,NaN,NaN,NaN,2,NaN,NaN,NaN,NaN,NaN,6,6,2,4,3,NaN,1,10,11,6,6,6,4,6,5,6,2,7,3,5,6,1,6,6,4,2,1,9,NaN,2,NaN,NaN,NaN,NaN,NaN,NaN,3,NaN,NaN,NaN,NaN,NaN,NaN,NaN,NaN,NaN,NaN,NaN,NaN,1,4,2,2,3
8081,5106801,510688,2,30,NaN,510688,2,1966,2,2,1,6,1,1,39,40,1,1,25,2,1,2,2,1,1,NaN,3,NaN,NaN,NaN,NaN,NaN,2,NaN,NaN,NaN,NaN,NaN,6,6,4,3,7,7,NaN,11,11,3,5,7,2,2,6,6,6,5,1,4,6,5,6,7,2,2,1,2,3,2,2,2,3,1,1,NaN,3,NaN,NaN,50,0,0,30,0,0,0,30,0,0,NaN,NaN,NaN,NaN,NaN
8093,5108405,510840,2,56,43,510840,2,1977,2,2,1,4,1,1,28,35,1,2,NaN,2,1,2,NaN,1,1,NaN,3,3,NaN,NaN,NaN,NaN,2,NaN,NaN,NaN,NaN,NaN,6,5,3,5,7,7,NaN,11,11,5,6,6,5,6,7,7,2,5,2,4,5,5,6,5,3,2,1,2,1,2,2,2,NaN,1,1,NaN,1,NaN,3,20,0,0,0,100,0,0,40,100,0,NaN,NaN,NaN,NaN,NaN
8094,5109003,510904,1,39,29,510904,2,1970,1,1,1,7,1,1,35,38,3,2,5,2,3,2,NaN,1,1,NaN,3,NaN,NaN,NaN,NaN,NaN,2,NaN,NaN,NaN,NaN,NaN,7,7,6,3,5,NaN,1,11,11,5,5,6,6,2,7,7,2,4,3,7,5,5,5,2,1,2,3,1,5,2,2,2,NaN,1,1,NaN,3,6,NaN,0,20,0,0,0,0,0,90,90,0,NaN,NaN,NaN,NaN,NaN
8105,5109405,510947,1,50,20,510947,2,1970,2,2,1,11,1,1,35,30,5,2,15,2,1,2,2,3,1,NaN,3,NaN,NaN,NaN,NaN,NaN,2,NaN,NaN,NaN,NaN,NaN,5,5,4,4,4,NaN,1,12,11,3,5,4,4,5,6,5,4,6,6,6,5,4,4,4,4,2,1,4,20,1,1,2,3,4,1,0,3,1,NaN,50,30,10,30,20,50,0,20,10,10,NaN,NaN,NaN,NaN,NaN
8142,5115602,511560,1,NaN,NaN,511560,2,1964,2,2,1,9,1,1,41,40,4,1,20,2,1,2,2,NaN,5,NaN,3,NaN,NaN,NaN,NaN,NaN,1,3,3,3,3,2,5,5,3,4,5,NaN,1,10,11,3,7,7,1,4,7,7,1,7,4,7,7,1,7,7,4,2,4,9,NaN,1,NaN,NaN,NaN,NaN,NaN,NaN,3,NaN,NaN,NaN,NaN,NaN,NaN,NaN,NaN,NaN,NaN,NaN,NaN,1,3,2,2,1
8265,5136203,513628,2,38,69,513628,2,1974,1,2,1,9,1,1,31,4,1,4,4,2,NaN,NaN,NaN,1,1,NaN,2,NaN,NaN,NaN,NaN,NaN,2,NaN,NaN,NaN,NaN,NaN,7,6,1,5,1,8,NaN,11,12,6,6,7,1,4,3,6,2,5,6,3,6,4,7,4,5,2,1,1,200,2,2,2,NaN,1,1,2,3,7,5,20,50,10,20,30,10,0,30,70,50,NaN,NaN,NaN,NaN,NaN
8268,5138501,513857,2,40,NaN,513857,2,1964,2,2,1,11,1,1,41,56,4,1,1,2,1,2,NaN,1,1,NaN,3,5,NaN,NaN,NaN,NaN,2,NaN,NaN,NaN,NaN,NaN,7,6,3,6,6,NaN,1,11,11,6,7,7,4,6,7,7,1,6,7,4,5,5,7,7,5,2,2,1,1,2,2,2,NaN,1,1,NaN,3,NaN,5,20,0,0,0,0,0,0,0,100,0,NaN,NaN,NaN,NaN,NaN
8273,5138803,513881,1,29,23,513881,2,1977,2,2,1,4,1,1,28,48,1,1,8,2,NaN,NaN,NaN,2,1,NaN,3,NaN,NaN,NaN,NaN,NaN,2,NaN,NaN,NaN,NaN,NaN,7,7,1,6,4,NaN,1,11,11,3,6,6,1,5,7,6,1,6,6,3,6,1,6,4,4,2,1,1,10,2,3,2,NaN,4,1,NaN,3,NaN,NaN,10,10,10,10,10,30,0,10,60,50,NaN,NaN,NaN,NaN,NaN
8281,5142403,514241,2,69,69,514241,2,1980,2,1,1,1,1,3,25,45,3,1,17,2,1,2,NaN,3,4,NaN,3,5,NaN,NaN,NaN,NaN,2,NaN,NaN,NaN,NaN,NaN,5,6,5,4,3,9,NaN,3,11,6,7,7,5,5,4,7,2,7,7,4,5,2,5,4,5,2,3,9,NaN,2,NaN,NaN,NaN,NaN,NaN,NaN,3,NaN,NaN,NaN,NaN,NaN,NaN,NaN,NaN,NaN,NaN,NaN,NaN,1,4,2,2,3
8291,5143603,514365,2,38,69,514365,2,1973,2,2,1,1,1,1,32,40,1,1,1,2,1,2,NaN,3,NaN,NaN,3,4,NaN,NaN,NaN,NaN,1,2,3,3,3,2,7,7,6,5,6,NaN,1,11,11,3,7,7,7,5,5,7,1,6,5,3,7,1,6,3,7,2,1,1,1,2,1,2,NaN,5,5,NaN,3,NaN,4,100,0,0,60,0,0,0,0,0,0,NaN,NaN,NaN,NaN,NaN
8320,5150302,515035,3,65,NaN,515035,2,1963,1,1,1,12,1,1,42,36,1,1,52,2,1,2,NaN,1,1,NaN,3,4,NaN,NaN,NaN,NaN,2,NaN,NaN,NaN,NaN,NaN,6,5,1,4,1,8,NaN,11,11,6,6,4,2,3,1,7,3,5,5,2,6,5,6,2,6,2,1,4,5,2,3,2,NaN,1,1,NaN,3,NaN,2,70,0,0,80,30,0,0,60,70,0,NaN,NaN,NaN,NaN,NaN
8322,5150403,515043,1,34,51,515043,2,1979,2,2,1,7,1,1,26,43,3,1,6,2,1,2,NaN,5,5,NaN,3,4,NaN,NaN,NaN,NaN,2,NaN,NaN,NaN,NaN,NaN,7,7,5,5,1,7,NaN,3,11,4,7,7,2,4,5,7,4,7,7,2,5,1,7,7,4,2,3,9,NaN,2,NaN,NaN,NaN,NaN,NaN,NaN,3,NaN,NaN,NaN,NaN,NaN,NaN,NaN,NaN,NaN,NaN,NaN,NaN,1,4,2,2,2
8350,5155304,515531,3,30,20,515531,2,1979,1,1,1,4,1,1,26,25,1,2,30,2,1,2,NaN,3,3,NaN,3,4,NaN,NaN,NaN,NaN,2,NaN,NaN,NaN,NaN,NaN,6,6,3,3,4,19,NaN,11,11,3,5,6,3,4,4,6,5,6,5,3,7,3,6,2,6,2,1,2,30,2,2,2,NaN,4,4,NaN,2,NaN,3,30,30,0,0,20,0,0,60,60,10,NaN,NaN,NaN,NaN,NaN
8383,5159603,515965,1,34,33,515965,2,1974,2,2,1,12,1,1,31,25,1,2,2,2,1,2,NaN,1,1,NaN,3,4,NaN,NaN,NaN,NaN,2,NaN,NaN,NaN,NaN,NaN,5,6,1,4,1,8,NaN,4,11,5,7,4,3,4,7,4,1,4,3,3,7,5,6,4,4,2,1,9,NaN,2,NaN,NaN,NaN,NaN,NaN,NaN,2,NaN,NaN,NaN,NaN,NaN,NaN,NaN,NaN,NaN,NaN,NaN,NaN,2,4,2,2,2
8406,5161404,516147,2,69,16,516147,2,1979,2,2,1,7,1,3,26,50,1,1,4,2,NaN,NaN,NaN,5,5,NaN,3,NaN,NaN,NaN,NaN,NaN,2,NaN,NaN,NaN,NaN,NaN,7,7,7,7,5,NaN,1,11,11,3,7,7,7,4,5,4,1,3,3,6,7,5,7,7,3,2,1,2,25,2,2,2,NaN,1,1,2,3,2,4,50,50,0,0,50,0,0,50,100,50,NaN,NaN,NaN,NaN,NaN
8443,5169203,516929,0,NaN,NaN,516929,2,1969,2,2,1,8,1,1,36,36,4,1,1,2,1,2,NaN,1,1,NaN,3,4,NaN,NaN,NaN,NaN,2,NaN,NaN,NaN,NaN,NaN,5,3,3,4,3,7,NaN,11,11,3,5,3,2,3,5,6,3,3,6,6,4,6,6,4,3,2,1,2,18,2,2,2,NaN,1,1,NaN,3,NaN,4,20,10,0,0,0,20,0,0,60,0,NaN,NaN,NaN,NaN,NaN
8450,5170003,517003,1,37,24,517003,2,1977,2,2,1,2,1,1,28,45,1,1,12,2,2,2,NaN,5,5,NaN,3,3,NaN,NaN,NaN,NaN,2,NaN,NaN,NaN,NaN,NaN,7,5,1,5,5,6,NaN,11,11,4,7,4,1,5,6,5,5,2,6,5,5,6,7,5,5,2,1,3,12,2,1,2,NaN,5,1,NaN,3,NaN,NaN,90,0,0,0,0,0,0,50,70,0,NaN,NaN,NaN,NaN,NaN
8456,5170404,517046,2,40,52,517046,2,1975,2,2,1,5,1,1,30,27,1,2,12,2,1,2,NaN,5,5,NaN,3,3,NaN,NaN,NaN,NaN,2,NaN,NaN,NaN,NaN,NaN,6,6,2,5,7,NaN,1,4,11,5,6,4,4,3,6,5,1,4,4,4,5,7,7,3,3,2,1,9,NaN,2,NaN,NaN,NaN,NaN,NaN,NaN,2,NaN,NaN,NaN,NaN,NaN,NaN,NaN,NaN,NaN,NaN,NaN,NaN,2,4,2,2,3
8463,5171603,517160,1,69,51,517160,2,1969,2,2,1,3,1,1,36,45,1,1,NaN,2,NaN,NaN,NaN,3,3,NaN,3,NaN,NaN,NaN,NaN,NaN,2,NaN,NaN,NaN,NaN,NaN,7,7,5,6,7,NaN,1,11,11,6,7,7,6,6,7,7,1,7,7,6,6,1,6,6,5,2,3,1,NaN,2,3,2,NaN,2,4,NaN,3,8,NaN,0,NaN,NaN,30,0,0,0,0,0,0,NaN,NaN,NaN,NaN,NaN
8507,5180703,518077,2,68,69,518077,2,1971,1,1,1,6,1,1,34,32,1,2,12,2,1,2,NaN,1,1,NaN,3,NaN,NaN,NaN,NaN,NaN,2,NaN,NaN,NaN,NaN,NaN,6,6,2,6,4,8,NaN,11,11,6,6,5,1,6,5,7,6,4,5,6,6,6,6,6,4,2,3,2,NaN,2,2,2,NaN,1,1,NaN,3,NaN,NaN,0,30,0,0,20,30,0,30,50,0,NaN,NaN,NaN,NaN,NaN
8509,5181102,518115,2,23,NaN,518115,2,1965,2,2,22,11,3,2,40,40,1,1,5,2,1,2,NaN,4,1,NaN,3,4,NaN,NaN,NaN,NaN,2,NaN,NaN,NaN,NaN,NaN,7,5,2,4,3,NaN,1,11,11,4,7,6,1,6,2,6,1,5,3,4,7,6,7,6,4,NaN,1,2,4,2,2,2,NaN,2,2,NaN,3,NaN,4,50,20,30,20,0,50,0,0,100,0,NaN,NaN,NaN,NaN,NaN
8529,5185102,518514,2,NaN,29,518514,2,1970,2,2,1,8,1,1,35,42,4,2,10,2,1,2,NaN,3,3,NaN,3,NaN,NaN,NaN,NaN,NaN,1,2,3,3,3,1,7,NaN,NaN,5,5,NaN,1,4,11,3,7,5,6,4,4,6,1,4,2,2,6,3,5,7,6,2,1,9,NaN,2,NaN,NaN,NaN,NaN,NaN,9,2,NaN,NaN,NaN,NaN,NaN,NaN,NaN,NaN,NaN,NaN,NaN,NaN,2,4,2,2,2
8582,5190402,519049,3,NaN,NaN,519049,2,1964,2,2,1,4,1,1,41,5,1,4,3,2,1,2,1,1,1,NaN,3,NaN,NaN,NaN,NaN,NaN,2,NaN,NaN,NaN,NaN,NaN,7,7,5,6,7,NaN,1,12,11,4,6,4,4,5,6,4,5,7,3,3,6,5,4,5,3,2,1,4,NaN,2,3,1,NaN,1,1,NaN,3,NaN,NaN,50,10,0,0,0,0,0,0,0,0,NaN,NaN,NaN,NaN,NaN
8671,5204704,520470,1,70,38,520470,2,1971,2,2,1,3,1,1,34,30,1,2,20,2,1,2,NaN,1,1,NaN,3,4,NaN,NaN,NaN,NaN,2,NaN,NaN,NaN,NaN,NaN,6,3,1,2,6,8,NaN,11,11,5,7,5,2,2,7,6,5,3,6,6,7,7,7,5,4,2,4,1,12,2,1,2,NaN,4,4,12,3,4,4,100,0,0,0,100,50,0,100,0,0,NaN,NaN,NaN,NaN,NaN
8739,5300202,507180,1,38,NaN,507180,2,1969,2,2,1,11,1,1,36,35,3,2,29,2,1,2,NaN,1,1,NaN,3,NaN,NaN,NaN,NaN,NaN,2,NaN,NaN,NaN,NaN,NaN,6,5,1,5,5,7,NaN,11,11,3,7,6,2,4,2,6,1,4,4,5,6,5,7,4,5,2,3,2,25,2,2,2,NaN,1,1,NaN,3,NaN,NaN,0,0,0,0,0,0,0,50,80,0,NaN,NaN,NaN,NaN,NaN
8759,5308503,500437,0,30,NaN,500437,2,1967,1,1,1,2,2,1,38,41,3,1,21,2,1,2,NaN,5,1,NaN,3,3,NaN,NaN,NaN,NaN,2,NaN,NaN,NaN,NaN,NaN,7,5,5,3,2,9,NaN,11,11,4,7,6,5,3,3,5,1,5,2,2,7,3,5,5,6,2,3,1,30,2,2,2,NaN,1,1,NaN,3,NaN,4,100,0,40,70,0,0,0,0,40,30,NaN,NaN,NaN,NaN,NaN
8761,5400902,516112,1,30,NaN,516112,2,1968,2,2,1,12,1,1,37,28,1,2,13,2,1,2,NaN,1,1,NaN,3,3,NaN,NaN,NaN,NaN,2,NaN,NaN,NaN,NaN,NaN,7,7,1,5,3,7,NaN,11,11,3,7,6,4,6,7,5,1,5,5,4,6,6,7,5,3,2,1,1,9,2,2,2,3,1,1,NaN,3,NaN,NaN,40,0,0,0,0,0,0,0,10,0,NaN,NaN,NaN,NaN,NaN
8765,5403002,520349,1,30,52,520349,2,1965,2,2,1,9,2,1,40,39,4,1,12,2,1,2,NaN,1,1,4,3,5,NaN,NaN,NaN,NaN,2,NaN,NaN,NaN,NaN,NaN,6,6,2,5,3,8,NaN,6,11,6,7,5,3,5,4,7,5,5,5,5,6,3,6,6,3,2,4,9,NaN,1,NaN,NaN,NaN,NaN,NaN,1,3,NaN,NaN,NaN,NaN,NaN,NaN,NaN,NaN,NaN,NaN,NaN,NaN,2,4,1,2,2
8774,5410202,517437,1,40,NaN,517437,2,1970,2,2,1,12,1,1,35,38,2,1,22,2,1,2,NaN,1,1,NaN,3,4,NaN,NaN,NaN,NaN,2,NaN,NaN,NaN,NaN,NaN,5,6,2,6,7,7,NaN,11,11,3,6,5,6,6,7,4,2,3,6,6,6,7,6,6,4,2,1,2,20,2,2,2,NaN,1,1,NaN,3,NaN,4,30,10,0,0,0,20,0,0,70,0,NaN,NaN,NaN,NaN,NaN
8788,5505702,517488,2,29,NaN,517488,2,1970,2,2,1,3,1,1,35,45,1,1,18,2,1,2,NaN,5,5,NaN,3,6,NaN,NaN,NaN,NaN,1,1,3,3,3,2,7,6,2,4,3,NaN,1,11,11,6,7,5,2,6,6,6,1,7,5,4,7,4,6,3,4,2,1,1,14,2,2,2,NaN,5,5,NaN,3,NaN,6,0,0,100,0,0,0,0,0,0,100,NaN,NaN,NaN,NaN,NaN
8791,5506602,517976,2,51,NaN,517976,2,1969,2,2,1,1,1,1,36,39,1,1,15,2,1,2,3,2,1,NaN,3,NaN,NaN,NaN,NaN,NaN,2,NaN,NaN,NaN,NaN,NaN,7,5,2,4,3,NaN,1,11,11,3,7,7,2,5,5,6,1,6,5,3,6,3,6,5,4,2,1,2,8,2,2,2,NaN,5,1,NaN,3,NaN,4,20,40,0,10,0,20,0,0,30,0,NaN,NaN,NaN,NaN,NaN
8809,5607602,517780,0,67,NaN,517780,2,1972,1,1,1,3,1,1,33,55,3,1,7,2,1,2,3,3,3,NaN,3,NaN,NaN,NaN,NaN,NaN,2,NaN,NaN,NaN,NaN,NaN,7,7,1,7,4,5,NaN,11,11,5,7,5,1,4,7,7,1,7,3,5,6,4,6,6,5,2,3,2,NaN,2,2,2,NaN,3,3,NaN,3,NaN,4,30,50,0,0,30,0,0,50,100,0,NaN,NaN,NaN,NaN,NaN
8827,5626602,506710,2,34,NaN,506710,2,1972,2,2,1,8,1,1,33,41,2,1,50,2,1,2,NaN,1,1,NaN,3,4,NaN,NaN,NaN,NaN,NaN,NaN,NaN,NaN,NaN,NaN,6,5,4,4,4,6,NaN,11,11,3,6,6,6,5,6,5,3,5,4,4,6,4,6,6,4,2,1,1,50,2,2,2,NaN,1,1,NaN,3,NaN,4,10,10,0,0,0,0,0,30,40,0,NaN,NaN,NaN,NaN,NaN
8833,5630102,503606,2,29,NaN,503606,2,1972,2,2,1,3,1,1,33,45,1,1,1,2,1,2,NaN,2,2,NaN,3,NaN,NaN,NaN,NaN,NaN,2,NaN,NaN,NaN,NaN,NaN,7,6,5,5,5,7,NaN,11,11,6,7,7,4,3,7,1,4,6,5,5,7,4,7,5,5,2,4,2,1,2,2,2,NaN,2,2,NaN,3,NaN,5,0,50,0,0,0,0,100,100,100,0,NaN,NaN,NaN,NaN,NaN
8863,5637302,515337,2,45,NaN,515337,2,1972,2,2,1,11,1,1,33,39,1,1,5,2,1,2,NaN,2,2,NaN,3,4,NaN,NaN,NaN,NaN,1,2,2,2,2,2,7,6,2,5,3,NaN,1,11,11,3,7,5,5,5,5,6,2,6,5,3,6,4,5,4,3,2,3,1,5,2,2,2,3,2,2,NaN,3,NaN,NaN,40,40,0,0,0,0,0,20,50,10,NaN,NaN,NaN,NaN,NaN
8866,5637402,503649,2,NaN,NaN,503649,2,1977,2,2,1,2,1,1,28,27.5,1,2,17,2,1,2,3,3,1,NaN,3,NaN,NaN,NaN,NaN,NaN,2,NaN,NaN,NaN,NaN,NaN,6,3,5,4,6,NaN,1,4,11,3,5,6,3,5,6,4,5,5,3,5,4,4,4,6,4,2,1,9,NaN,2,NaN,NaN,NaN,NaN,NaN,9,2,NaN,NaN,NaN,NaN,NaN,NaN,NaN,NaN,NaN,NaN,NaN,NaN,NaN,NaN,NaN,NaN,NaN
8867,5639202,508241,2,65,NaN,508241,2,1969,2,2,1,9,1,1,36,40,1,1,10,2,1,2,NaN,3,3,NaN,3,4,NaN,NaN,NaN,NaN,2,NaN,NaN,NaN,NaN,NaN,6,7,5,6,4,NaN,1,4,11,6,7,6,2,4,2,7,1,7,4,2,6,5,6,4,7,2,1,9,NaN,2,NaN,NaN,NaN,NaN,NaN,NaN,2,NaN,NaN,NaN,NaN,NaN,NaN,NaN,NaN,NaN,NaN,NaN,NaN,1,4,2,NaN,2
8869,5639602,518905,0,29,NaN,518905,2,1966,1,1,1,3,2,1,39,42,6,1,2,2,1,2,NaN,5,5,NaN,3,5,NaN,NaN,NaN,NaN,1,2,3,3,3,2,7,5,5,5,3,7,NaN,11,11,5,7,6,5,5,4,6,2,5,5,3,5,3,4,5,4,2,3,1,21,2,2,2,NaN,1,5,NaN,3,NaN,5,30,30,0,0,0,0,0,0,80,20,NaN,NaN,NaN,NaN,NaN
8895,5658602,502650,1,34,NaN,502650,2,1977,2,2,1,7,1,1,28,33,3,2,5,2,1,2,2,5,5,NaN,3,NaN,NaN,NaN,NaN,NaN,2,NaN,NaN,NaN,NaN,NaN,6,6,3,2,6,8,NaN,11,11,3,5,7,4,3,6,2,3,6,4,7,5,2,5,4,2,2,3,1,20,2,3,2,NaN,3,NaN,NaN,3,NaN,3,80,90,100,80,60,30,100,60,30,0,NaN,NaN,NaN,NaN,NaN
8910,5664803,507482,1,30,43,507482,2,1976,2,2,1,9,1,1,29,22.5,3,4,2,2,1,2,NaN,1,1,NaN,3,2,NaN,NaN,NaN,NaN,2,NaN,NaN,NaN,NaN,NaN,7,7,1,4,6,9,NaN,4,11,3,5,5,5,3,7,6,1,4,3,4,6,4,6,4,3,2,3,9,NaN,2,NaN,NaN,NaN,NaN,NaN,NaN,2,NaN,NaN,NaN,NaN,NaN,NaN,NaN,NaN,NaN,NaN,NaN,NaN,3,4,2,2,2
8911,5665202,517046,2,NaN,NaN,517046,2,1974,2,2,1,6,1,1,31,33,1,2,5,2,1,2,NaN,1,1,NaN,3,4,NaN,NaN,NaN,NaN,2,NaN,NaN,NaN,NaN,NaN,7,6,3,3,5,7,NaN,11,11,5,7,5,3,3,4,6,1,3,4,2,6,6,6,3,4,2,1,2,2,2,2,2,NaN,1,1,NaN,3,2,3,80,30,0,50,0,30,100,50,40,100,NaN,NaN,NaN,NaN,NaN
8913,5666002,505056,1,NaN,NaN,505056,2,1980,2,2,1,12,1,1,25,42,1,1,22,2,1,2,NaN,1,1,NaN,3,4,NaN,NaN,NaN,NaN,2,NaN,NaN,NaN,NaN,NaN,3,4,2,4,2,7,NaN,6,11,6,7,6,2,7,7,7,1,6,7,6,6,4,6,6,3,2,3,9,NaN,1,NaN,NaN,NaN,NaN,NaN,NaN,3,NaN,NaN,NaN,NaN,NaN,NaN,NaN,NaN,NaN,NaN,NaN,NaN,1,4,1,2,1
8917,5666303,500550,1,27,30,500550,2,1967,1,1,1,1,2,1,38,25,4,2,2,2,1,2,NaN,1,1,NaN,3,4,NaN,NaN,NaN,NaN,2,NaN,NaN,NaN,NaN,NaN,7,7,5,6,5,8,NaN,11,11,3,7,7,2,6,7,7,1,7,1,3,6,1,6,5,4,2,4,2,3,2,2,2,NaN,5,1,NaN,3,NaN,4,30,0,0,0,0,0,0,50,50,0,NaN,NaN,NaN,NaN,NaN
8939,5676802,515361,0,43,39,515361,2,1978,1,1,1,4,2,1,27,38,1,1,15,2,1,2,NaN,5,5,NaN,3,4,NaN,NaN,NaN,NaN,2,NaN,NaN,NaN,NaN,NaN,4,6,6,5,7,9,NaN,11,11,6,4,6,6,4,5,3,5,7,3,3,6,3,4,7,2,2,3,4,1,2,3,2,NaN,5,5,NaN,3,NaN,2,0,0,20,80,0,0,0,90,50,0,NaN,NaN,NaN,NaN,NaN
8942,5678002,507601,2,30,23,507601,2,1977,2,2,1,8,1,1,28,30,1,2,10,2,1,2,NaN,1,1,1,3,4,NaN,NaN,NaN,NaN,2,NaN,NaN,NaN,NaN,NaN,7,7,1,7,7,NaN,1,11,11,4,7,7,3,7,5,6,2,7,7,4,7,2,6,4,6,2,3,1,10,2,2,2,NaN,3,3,NaN,3,NaN,3,40,50,0,10,0,20,0,10,50,20,NaN,NaN,NaN,NaN,NaN
8953,5683402,511269,2,NaN,53,511269,2,1974,2,2,1,2,1,1,31,27,1,2,17,2,1,2,NaN,3,1,NaN,3,3,NaN,NaN,NaN,NaN,2,NaN,NaN,NaN,NaN,NaN,7,7,1,6,4,NaN,1,11,11,3,7,7,7,4,7,7,1,7,4,6,7,1,7,4,6,2,1,2,25,2,2,2,NaN,2,1,NaN,3,NaN,3,0,0,0,0,100,0,0,0,0,0,NaN,NaN,NaN,NaN,NaN
8975,7000702,700070,1,NaN,NaN,700070,2,1963,1,1,1,11,1,1,42,40,1,1,12,2,1,2,NaN,3,3,NaN,3,NaN,NaN,NaN,NaN,NaN,1,2,3,2,3,2,7,7,5,3,2,NaN,1,11,11,3,6,6,4,5,3,6,1,6,4,4,6,2,4,5,4,2,1,1,15,2,2,2,NaN,3,NaN,NaN,3,NaN,NaN,0,50,0,0,0,0,0,0,70,0,NaN,NaN,NaN,NaN,NaN
8992,7002902,700290,2,NaN,NaN,700290,2,1964,1,1,1,12,1,1,41,56,4,1,37,2,1,2,NaN,3,NaN,NaN,3,2,NaN,NaN,NaN,NaN,1,3,3,3,3,3,7,7,2,1,6,7,NaN,6,11,6,7,7,1,6,6,6,1,7,7,6,7,1,7,7,6,2,4,9,NaN,1,NaN,NaN,NaN,NaN,NaN,NaN,3,NaN,NaN,NaN,NaN,NaN,NaN,NaN,NaN,NaN,NaN,NaN,NaN,1,4,1,2,1
9022,7009002,700908,2,NaN,NaN,700908,2,1963,1,1,21,3,3,2,42,43,1,1,8,2,1,2,NaN,1,1,NaN,3,4,NaN,NaN,NaN,NaN,2,NaN,NaN,NaN,NaN,NaN,7,6,2,7,3,7,NaN,11,11,5,7,6,2,4,5,6,1,5,5,2,6,3,5,6,5,2,1,2,8,2,2,2,NaN,4,4,NaN,3,NaN,4,0,80,20,0,0,0,0,0,30,10,NaN,NaN,NaN,NaN,NaN
9042,7011202,701122,0,NaN,NaN,701122,2,1968,1,1,1,6,1,1,37,72,1,1,5,2,NaN,NaN,NaN,2,2,NaN,3,NaN,NaN,NaN,NaN,NaN,2,NaN,NaN,NaN,NaN,NaN,6,4,5,3,7,8,NaN,11,11,6,6,4,6,3,6,6,1,4,5,3,3,4,4,5,5,2,1,1,23,2,1,2,NaN,4,4,NaN,3,NaN,5,100,0,50,30,10,0,0,0,100,0,NaN,NaN,NaN,NaN,NaN
9075,7017602,701769,3,NaN,NaN,701769,2,1970,1,1,1,5,1,1,35,20,1,2,1,2,1,2,2,3,3,NaN,3,NaN,NaN,NaN,NaN,NaN,2,NaN,NaN,NaN,NaN,NaN,6,6,2,3,2,NaN,1,11,11,3,6,6,2,2,3,6,1,6,4,2,6,5,6,6,7,2,1,4,2,2,3,2,2,1,1,NaN,3,2,NaN,30,0,0,0,0,0,0,0,0,0,NaN,NaN,NaN,NaN,NaN
9091,7020302,702030,1,67,NaN,702030,2,1977,1,1,1,8,2,1,28,25,1,2,2,2,1,2,NaN,1,1,NaN,3,4,NaN,NaN,NaN,NaN,2,NaN,NaN,NaN,NaN,NaN,5,3,3,4,5,8,NaN,11,11,3,6,5,2,4,7,4,4,3,7,6,6,6,6,5,4,2,1,4,2,2,2,2,NaN,1,1,NaN,1,NaN,4,10,10,30,50,90,10,10,50,50,10,NaN,NaN,NaN,NaN,NaN
9092,7020904,702099,3,NaN,NaN,702099,2,1971,1,1,32,10,3,2,34,45,1,1,27,2,1,2,NaN,3,3,NaN,3,4,NaN,NaN,NaN,NaN,2,NaN,NaN,NaN,NaN,NaN,6,6,5,4,4,NaN,1,11,11,5,7,6,5,7,7,6,1,5,7,4,7,2,7,6,1,1,4,1,27,2,2,2,NaN,4,4,NaN,3,NaN,4,0,0,0,0,0,0,0,0,50,0,NaN,NaN,NaN,NaN,NaN
9128,7209001,720909,1,NaN,NaN,720909,2,1975,1,1,22,2,2,2,30,38,1,1,6,2,1,2,NaN,1,1,NaN,3,5,NaN,NaN,NaN,NaN,2,NaN,NaN,NaN,NaN,NaN,6,6,2,5,2,8,NaN,11,11,6,7,7,2,5,5,5,4,6,4,5,6,5,6,6,3,2,2,1,3,2,3,2,NaN,1,1,NaN,3,NaN,2,70,50,0,0,0,0,0,50,70,0,NaN,NaN,NaN,NaN,NaN
9148,7217102,721719,2,NaN,NaN,721719,2,1963,1,1,1,4,1,1,42,35,5,1,50,2,1,2,NaN,1,1,NaN,3,3,NaN,NaN,NaN,NaN,2,NaN,NaN,NaN,NaN,NaN,7,7,4,7,6,7,NaN,11,11,3,7,6,4,4,7,4,1,6,5,1,7,1,7,5,7,2,1,2,50,2,2,2,NaN,1,1,NaN,3,NaN,4,20,0,0,0,0,0,0,0,20,0,NaN,NaN,NaN,NaN,NaN
9159,7219303,721930,2,30,55,721930,2,1977,1,1,1,9,1,1,28,8,1,4,3,2,NaN,NaN,NaN,1,1,NaN,3,NaN,NaN,NaN,NaN,NaN,2,NaN,NaN,NaN,NaN,NaN,6,7,4,6,5,8,NaN,11,11,3,7,7,2,4,5,6,1,5,2,4,5,2,7,5,5,2,1,2,11,2,2,2,NaN,1,1,NaN,1,NaN,4,20,30,0,0,40,0,0,20,10,10,NaN,NaN,NaN,NaN,NaN
9210,7250902,720291,4,20,NaN,720291,2,1978,1,1,74,2,3,2,27,10,1,4,13,2,1,2,NaN,2,2,NaN,2,4,NaN,NaN,NaN,NaN,2,NaN,NaN,NaN,NaN,NaN,6,5,1,6,5,6,NaN,11,11,3,5,5,1,3,7,7,1,4,3,4,7,7,7,4,4,2,2,2,16,2,2,2,NaN,3,3,2,3,2,4,10,30,0,0,0,0,0,0,50,0,NaN,NaN,NaN,NaN,NaN
9221,7258302,720828,0,34,NaN,720828,2,1968,1,1,1,1,1,1,37,36,1,2,18,2,1,2,NaN,2,1,NaN,3,3,NaN,NaN,NaN,NaN,1,3,2,2,2,2,7,3,3,4,5,NaN,1,11,11,3,7,5,5,5,4,7,6,7,4,3,7,3,7,7,4,2,3,1,20,2,2,2,NaN,2,NaN,NaN,3,NaN,3,20,0,0,0,50,50,0,50,0,0,NaN,NaN,NaN,NaN,NaN
9245,8006801,800686,2,30,68,800686,2,1968,1,1,1,11,2,1,37,26,1,2,1,2,3,2,NaN,1,1,NaN,3,NaN,NaN,NaN,NaN,NaN,2,NaN,NaN,NaN,NaN,NaN,5,6,3,3,1,8,NaN,11,11,6,7,5,1,4,6,7,2,6,5,6,6,2,6,7,2,2,1,4,2,2,3,2,NaN,1,1,NaN,3,4,NaN,10,0,30,60,50,0,0,20,0,0,NaN,NaN,NaN,NaN,NaN
9467,8070402,807044,2,33,16,807044,2,1963,1,1,22,3,2,2,42,28,1,2,1,2,1,2,NaN,1,1,NaN,3,3,NaN,NaN,NaN,NaN,2,NaN,NaN,NaN,NaN,NaN,7,6,3,4,7,8,NaN,10,11,3,7,6,4,2,7,5,1,4,3,7,5,4,5,2,1,2,1,9,NaN,1,NaN,NaN,NaN,NaN,NaN,NaN,3,NaN,NaN,NaN,NaN,NaN,NaN,NaN,NaN,NaN,NaN,NaN,NaN,2,4,1,3,1
9474,8072802,807281,0,69,NaN,807281,2,1967,1,1,1,3,2,1,38,43,1,1,17,2,NaN,NaN,NaN,3,3,NaN,3,NaN,NaN,NaN,NaN,NaN,1,1,2,2,2,2,7,6,6,4,5,7,NaN,11,11,6,6,6,3,3,5,5,1,6,3,3,7,2,5,4,4,2,1,1,20,2,2,2,NaN,1,NaN,NaN,3,NaN,5,10,70,70,0,0,0,0,0,100,80,NaN,NaN,NaN,NaN,NaN
9600,8115302,811530,1,53,NaN,811530,2,1963,1,1,1,11,2,1,42,45,1,2,20,2,1,2,NaN,3,1,18,3,4,NaN,NaN,NaN,NaN,2,NaN,NaN,NaN,NaN,NaN,6,5,4,5,3,8,NaN,11,11,6,6,4,2,3,2,5,2,4,5,2,5,4,4,5,5,2,1,2,5,2,2,2,NaN,1,1,NaN,3,NaN,4,10,0,20,20,20,0,0,0,0,0,NaN,NaN,NaN,NaN,NaN
9646,8125103,812510,0,78,NaN,812510,2,1979,1,1,1,2,2,1,26,60,1,1,3,2,1,2,NaN,3,4,NaN,3,5,NaN,NaN,NaN,NaN,2,NaN,NaN,NaN,NaN,NaN,6,6,2,6,1,7,NaN,11,11,6,7,6,1,6,2,6,1,7,5,1,7,2,6,6,6,2,3,1,20,2,1,2,NaN,1,1,NaN,3,6,5,50,0,50,0,50,0,0,50,80,0,NaN,NaN,NaN,NaN,NaN
9664,8128602,812862,2,35,43,812862,2,1967,1,1,1,6,2,1,38,25,1,2,3,2,NaN,NaN,NaN,1,1,NaN,3,NaN,NaN,NaN,NaN,NaN,2,NaN,NaN,NaN,NaN,NaN,6,5,3,2,4,NaN,1,11,11,6,6,4,3,2,4,5,4,6,6,4,6,4,5,5,5,2,1,2,3,2,3,2,NaN,1,1,NaN,3,1,NaN,20,0,0,0,0,0,0,0,0,0,NaN,NaN,NaN,NaN,NaN
9672,8130502,813052,2,69,69,813052,2,1963,1,1,1,4,2,1,42,20,1,2,2,2,1,2,NaN,1,1,NaN,3,4,NaN,NaN,NaN,NaN,2,NaN,NaN,NaN,NaN,NaN,6,5,3,4,3,8,NaN,11,11,6,7,6,2,3,4,6,1,7,6,3,7,6,7,5,5,2,1,2,2,2,2,2,NaN,1,1,NaN,3,NaN,4,0,0,0,0,0,0,0,0,20,30,NaN,NaN,NaN,NaN,NaN
9712,8142702,814270,2,NaN,23,814270,2,1963,1,1,1,10,2,1,42,30,1,2,6,2,1,2,NaN,1,1,NaN,3,4,NaN,NaN,NaN,NaN,2,NaN,NaN,NaN,NaN,NaN,6,4,2,3,7,8,NaN,11,11,3,6,5,2,4,6,3,2,4,6,6,6,5,6,5,3,2,1,2,3,2,2,2,NaN,1,1,NaN,3,NaN,4,0,0,0,0,0,0,0,0,0,0,NaN,NaN,NaN,NaN,NaN
9731,8148002,814806,2,67,33,814806,2,1964,1,1,1,8,2,1,41,50,1,1,42,2,1,2,NaN,5,5,NaN,3,5,NaN,NaN,NaN,NaN,2,NaN,NaN,NaN,NaN,NaN,6,6,6,5,3,NaN,1,11,11,6,7,7,5,6,3,5,1,4,4,1,6,1,5,5,4,2,1,2,14,2,2,2,NaN,1,1,NaN,3,NaN,5,10,10,10,0,0,0,0,10,30,0,NaN,NaN,NaN,NaN,NaN
9735,8148102,814814,2,34,NaN,814814,2,1964,1,1,1,11,2,1,41,38,2,1,47,2,1,2,NaN,1,1,NaN,3,4,NaN,NaN,NaN,NaN,1,2,3,2,3,3,6,5,3,1,3,8,NaN,11,11,3,6,5,6,4,4,3,4,6,2,4,5,4,4,5,4,2,1,2,20,2,2,2,NaN,1,1,NaN,3,NaN,4,50,0,0,0,0,50,0,10,100,0,NaN,NaN,NaN,NaN,NaN
9745,8150602,815063,2,71,56,815063,2,1967,1,1,1,2,2,1,38,46,4,1,30,2,1,2,NaN,1,1,NaN,3,5,NaN,NaN,NaN,NaN,1,2,2,2,2,2,5,4,5,5,4,8,NaN,11,11,6,6,6,3,3,6,6,6,2,2,6,6,2,5,5,3,2,1,2,20,2,2,2,NaN,1,1,NaN,3,NaN,5,20,90,0,0,0,0,0,50,0,90,NaN,NaN,NaN,NaN,NaN
9844,8177902,817791,0,23,NaN,817791,2,1966,1,1,1,12,2,1,39,36,1,1,32,2,1,2,NaN,1,1,NaN,3,4,NaN,NaN,NaN,NaN,2,NaN,NaN,NaN,NaN,NaN,6,4,2,3,4,8,NaN,11,11,3,6,4,3,3,4,3,3,3,3,5,6,5,5,3,5,2,3,1,6,2,2,2,NaN,1,1,NaN,3,NaN,4,10,10,0,0,10,10,0,0,90,10,NaN,NaN,NaN,NaN,NaN
9934,8193902,819395,1,NaN,NaN,819395,2,1966,1,1,1,2,2,1,39,8.5,1,4,12,2,1,2,NaN,1,1,NaN,3,4,NaN,NaN,NaN,NaN,1,2,2,2,2,2,7,5,3,6,3,7,NaN,11,11,4,7,5,3,5,2,3,1,5,3,3,6,5,5,4,4,2,1,1,12,2,2,2,NaN,1,1,NaN,3,NaN,4,20,20,0,20,20,0,0,0,30,50,NaN,NaN,NaN,NaN,NaN
9978,8208803,820881,0,68,NaN,820881,2,1978,1,1,88,7,2,2,27,12,3,4,2,2,3,2,NaN,5,5,NaN,3,4,NaN,NaN,NaN,NaN,1,2,3,2,2,2,6,3,5,6,7,NaN,NaN,8,11,6,7,6,1,5,3,4,1,5,4,3,6,6,6,6,4,2,3,9,NaN,2,NaN,NaN,NaN,NaN,NaN,NaN,3,NaN,NaN,NaN,NaN,NaN,NaN,NaN,NaN,NaN,NaN,NaN,NaN,4,4,2,2,3
